KeyID,SiteCode,Col Date,Species,Sex,Reprod Status,Age Class,Capture Time,Capture method,Recapture,Body wt (g),R Forearm (mm),BMI,WDI,UV,Feces,Band ID,wingPCR_Sum,wing_qPCR (Ct),wingFC_Pd,FecalPCR_Sum,Fecal qPCR (Ct),,
44690.001,IN1,7/18/2012,MYSO,M,NR,adult,21:20,harp trap,No,6.2,36.8,0.17,0,Neg,Yes,,Neg,0.00,,Pos,37.03,,
44690.002,IN1,7/18/2012,MYSO,M,NR,adult,21:25,harp trap,No,7.9,35.9,0.22,0,Neg,No,,Neg,0.00,,,,,
44690.003,IN1,7/18/2012,MYSO,M,NR,juv,21:29,harp trap,No,8.7,34.2,0.25,0,Neg,Yes,,Neg,0.00,,Pos,36.97,,
44690.004,IN1,7/18/2012,MYSO,M,NR,adult,21:36,harp trap,No,6.0,35.5,0.17,0,Neg,Yes,,Neg,0.00,,Neg,0.00,,
44690.005,IN1,7/18/2012,MYSO,M,NR,adult,21:37,harp trap,No,6.8,34.9,0.19,0,Neg,Yes,,Neg,0.00,,Pos,34.50,,
44690.006,IN1,7/18/2012,MYSO,M,NR,adult,21:40,harp trap,No,6.1,35.6,0.17,1,Neg,No,,Neg,0.00,,,,,
44690.007,IN1,7/18/2012,MYSO,F,NL,adult,21:42,harp trap,No,6.3,33.6,0.19,0,Neg,No,,Neg,0.00,,,,,
44690.008,IN1,7/18/2012,MYSO,M,NR,adult,21:46,harp trap,No,9.1,35.7,0.25,0,Neg,No,,Neg,0.00,,,,,
44690.009,IN1,7/18/2012,MYSO,M,NR,adult,21:58,harp trap,No,4.5,35.3,0.13,0,Neg,Yes,,Neg,0.00,,Pos,37.59,,
44690.010,IN1,7/18/2012,MYSO,M,NR,adult,21:59,harp trap,No,5.4,33.6,0.16,0,Neg,No,,Neg,0.00,,,,,
44690.011,IN1,7/18/2012,MYSO,M,NR,adult,22:03,harp trap,No,6.5,35.8,0.18,0,Neg,No,,Neg,0.00,,,,,
44690.012,IN1,7/18/2012,MYSO,M,NR,adult,22:06,harp trap,No,8.0,36.1,0.22,1,Neg,No,,Neg,0.00,,,,,
44690.013,IN1,7/18/2012,MYSO,M,NR,adult,22:09,harp trap,No,7.4,35.5,0.21,1,Neg,No,,Neg,0.00,,,,,
44690.014,IN1,7/18/2012,MYSO,M,NR,adult,22:10,harp trap,No,4.9,35.1,0.14,2,Neg,No,,Neg,0.00,,,,,
44690.015,IN1,7/18/2012,MYSO,M,NR,adult,22:12,harp trap,No,5.4,35.0,0.15,0,Neg,No,,Neg,0.00,,,,,
44690.016,IN1,7/18/2012,MYLU,M,NR,adult,22:42,harp trap,No,7.4,34.7,0.21,1,Neg,No,,Neg,0.00,,,,,
44690.017,IN1,7/18/2012,MYSO,F,NL,adult,22:53,harp trap,No,4.6,34.9,0.13,0,Neg,No,,Neg,0.00,,,,,
44690.018,IN1,7/18/2012,MYSO,M,NR,adult,22:56,harp trap,No,5.7,36.4,0.16,0,Neg,No,,Neg,0.00,,,,,
44690.019,IN1,7/18/2012,MYSO,M,NR,adult,23:05,harp trap,No,6.9,36.1,0.19,1,Neg,Yes,,Neg,0.00,,Neg,0.00,,
44690.020,IN1,7/19/2012,PESU,M,NR,adult,21:12,harp trap,No,4.8,29.7,0.16,0,Neg,No,,Neg,0.00,,,,,
44690.021,IN1,7/19/2012,MYSO,M,NR,adult,21:28,harp trap,No,5.8,36.2,0.16,0,Neg,No,,Neg,0.00,,,,,
44690.022,IN1,7/19/2012,MYSO,M,NR,adult,21:30,harp trap,No,7.0,34.7,0.20,0,Neg,No,,Neg,0.00,,,,,
44690.023,IN1,7/19/2012,MYSO,M,NR,adult,21:32,harp trap,No,6.5,34.6,0.19,0,Neg,No,,Neg,0.00,,,,,
44690.024,IN1,7/19/2012,MYSO,M,NR,adult,21:33,harp trap,No,6.1,35.2,0.17,1,Neg,No,,Neg,0.00,,,,,
44690.025,IN1,7/19/2012,MYSO,M,NR,adult,21:39,harp trap,No,6.3,35.1,0.18,0,Neg,No,,Neg,0.00,,,,,
44690.026,IN1,7/19/2012,MYSO,M,NR,adult,21:40,harp trap,No,5.9,34.1,0.17,0,Neg,No,,Neg,0.00,,,,,
44690.027,IN1,7/19/2012,MYSO,M,NR,adult,21:45,harp trap,No,8.4,35.8,0.23,0,Neg,No,,Neg,0.00,,,,,
44690.028,IN1,7/19/2012,MYSO,M,NR,adult,21:48,harp trap,No,6.4,34.7,0.18,0,Neg,No,,Neg,0.00,,,,,
44690.029,IN1,7/19/2012,MYSO,M,NR,adult,21:52,harp trap,No,5.5,36.2,0.15,0,Neg,Yes,,Neg,0.00,,Neg,0.00,,
44690.030,IN1,7/19/2012,MYSO,F,NL,adult,21:55,harp trap,No,6.4,35.9,0.18,1,Neg,Yes,,Neg,0.00,,Neg,0.00,,
44690.031,IN1,7/19/2012,MYSO,M,NR,adult,21:59,harp trap,No,6.6,37.3,0.18,0,Neg,Yes,,Neg,0.00,,Pos,32.71,,
44690.032,IN1,7/19/2012,MYSO,M,NR,adult,22:02,harp trap,No,6.4,38.0,0.17,0,Neg,No,,Neg,0.00,,,,,
44690.033,IN1,7/19/2012,MYSO,M,NR,adult,22:04,harp trap,No,6.4,35.3,0.18,0,Neg,No,,Neg,0.00,,,,,
44690.034,IN1,7/19/2012,MYSO,M,NR,adult,22:07,harp trap,No,6.2,37.5,0.17,0,Neg,No,,Neg,0.00,,,,,
44690.035,IN1,7/19/2012,MYLU,M,NR,adult,22:09,harp trap,No,,34.7,,0,Neg,No,,Neg,0.00,,,,,
44690.036,IN1,7/19/2012,MYSO,M,NR,juv,22:11,harp trap,No,5.7,39.3,0.15,2,Neg,No,,Neg,0.00,,,,,
44690.037,IN1,7/19/2012,PESU,M,NR,adult,22:25,harp trap,No,4.6,30.5,0.15,0,Neg,No,,Neg,0.00,,,,,
44690.038,IN1,7/19/2012,MYSO,M,NR,adult,22:31,harp trap,No,4.8,38.8,0.12,0,Neg,No,,Neg,0.00,,,,,
44690.039,IN1,7/19/2012,MYSO,M,NR,adult,22:39,harp trap,No,7.9,37.5,0.21,0,Neg,No,,Neg,0.00,,,,,
44690.040,IN1,7/19/2012,MYSO,M,NR,adult,22:44,harp trap,No,5.0,37.5,0.13,0,Neg,No,,Neg,0.00,,,,,
44690.041,IN1,7/19/2012,MYSO,M,NR,juv,22:59,harp trap,No,6.3,35.8,0.18,1,Neg,Yes,,Neg,0.00,,Neg,0.00,,
44690.042,IN1,7/19/2012,MYSO,M,NR,adult,22:12,harp trap,No,7.2,39.4,0.18,0,Neg,No,,Neg,0.00,,,,,
44690.043,IN1,7/19/2012,MYSO,M,NR,adult,22:12,harp trap,No,8.7,34.2,0.25,0,Neg,No,,Neg,0.00,,,,,
44690.044,IN1,7/20/2012,MYSO,M,NR,adult,13:35,hand,No,5.9,39.0,0.15,0,Neg,No,,Neg,0.00,,,,,
44690.045,IN1,7/20/2012,MYSO,M,NR,adult,13:35,hand,No,7.1,39.8,0.18,1,Neg,No,,Neg,0.00,,,,,
44691.001,KY3,7/23/2012,MYLU,M,NR,juv,20:26,harp trap,No,7.0,36.9,0.19,0,Neg,Yes,KYFW B11575 red,Neg,0.00,Neg,Pos,37.81,,
44691.002,KY3,7/23/2012,MYSO,M,NR,adult,20:26,harp trap,No,7.3,38.8,0.19,1,Neg,No,KYFW B11790 red,Neg,0.00,,,,,
44691.003,KY3,7/23/2012,MYSO,M,NR,juv,20:30,harp trap,No,6.5,38.7,0.17,0,Neg,Yes,KYFW B11640 red,Neg,0.00,,Neg,0.00,,
44691.004,KY3,7/23/2012,MYLU,M,NR,juv,20:30,harp trap,No,,36.0,,0,Neg,No,KYFW B11976 red,Neg,0.00,Neg,,,,
44691.005,KY3,7/23/2012,MYSO,F,NR,adult,20:37,harp trap,No,7.3,40.8,0.18,1,Neg,Yes,KYFW B11728 red,Neg,0.00,,Pos,36.08,,
44691.006,KY3,7/23/2012,MYLU,M,NR,adult,20:47,harp trap,No,8.0,36.2,0.22,0,Neg,Yes,KYFW B11787 red,Neg,0.00,NG,Pos,36.21,,
44691.007,KY3,7/23/2012,MYSO,M,NR,adult,20:50,harp trap,No,7.0,38.9,0.18,0,Neg,Yes,KYFW B11618 red,Neg,0.00,,Pos,36.05,,
44691.008,KY3,7/23/2012,MYLU,M,NR,juv,20:50,harp trap,No,6.5,38.0,0.17,0,Neg,Yes,KYFW B11912 red,Neg,0.00,NG,Neg,0.00,,
44691.009,KY3,7/23/2012,MYLU,M,NR,adult,21:00,harp trap,No,6.8,37.4,0.18,2,Neg,Yes,KYFW B11743 red,Neg,0.00,NG,Pos,37.66,,
44691.010,KY3,7/23/2012,PESU,M,NR,juv,21:03,harp trap,No,5.3,34.9,0.15,0,Neg,No,KYFW B11531 red,Neg,0.00,,,,,
44691.011,KY3,7/23/2012,MYLU,M,NR,adult,21:07,harp trap,No,8.5,38.7,0.22,0,Neg,Yes,KYFW B11511 red,Neg,0.00,NG,Neg,0.00,,
44691.012,KY3,7/23/2012,MYLU,M,NR,adult,21:10,harp trap,No,6.5,37.2,0.17,0,Neg,No,KYFW B11910 red,Neg,0.00,Neg,,,,
44691.013,KY3,7/23/2012,PESU,M,NR,adult,21:13,harp trap,No,6.0,35.0,0.17,0,Neg,Yes,KYFW B10618 red,Neg,0.00,,Pos,32.28,,
44691.014,KY3,7/23/2012,PESU,M,NR,juv,21:15,harp trap,No,5.0,33.4,0.15,0,Neg,No,KYFW B11978 red,Neg,0.00,,,,,
44691.015,KY3,7/23/2012,PESU,M,NR,juv,21:17,harp trap,No,5.0,32.8,0.15,1,Pos,No,,Neg,0.00,,,,,
44691.016,KY3,7/23/2012,PESU,M,NR,adult,21:19,harp trap,No,5.5,35.6,0.15,0,Neg,No,KYFW B11828 red,Neg,0.00,,,,,
44691.017,KY3,7/23/2012,MYLU,M,NR,adult,21:22,harp trap,No,6.5,40.0,0.16,1,Neg,Yes,KYFW B11702 red,Neg,0.00,NG,Neg,0.00,,
44691.018,KY3,7/23/2012,PESU,M,NR,adult,21:20,harp trap,No,5.0,34.8,0.14,1,Neg,No,KYFW B11661 red,Neg,0.00,,,,,
44691.019,KY3,7/23/2012,MYLE,M,NR,adult,21:33,harp trap,No,4.0,29.1,0.14,2,Neg,Yes,,Neg,0.00,,Neg,0.00,,
44691.020,KY3,7/23/2012,PESU,M,NR,adult,21:24,harp trap,No,5.8,35.4,0.16,1,Neg,No,KYFW B11842 red,Neg,0.00,,,,,
44691.021,KY3,7/23/2012,PESU,M,NR,juv,21:24,harp trap,No,4.5,35.0,0.13,1,Neg,No,KYFW B11985 red,Neg,0.00,,,,,
44691.022,KY3,7/23/2012,MYLU,M,NR,adult,21:28,harp trap,No,7.8,37.6,0.21,0,Neg,Yes,KYFW B10158 red,Neg,0.00,NG,Neg,0.00,,
44691.023,KY3,7/23/2012,PESU,M,NR,adult,21:26,harp trap,No,5.3,35.0,0.15,0,Neg,No,KYFW B11845 red,Neg,0.00,,,,,
44691.024,KY3,7/23/2012,MYLU,M,NR,juv,21:39,harp trap,No,6.5,36.1,0.18,0,Neg,No,KYFW B10994 red,Neg,0.00,Neg,,,,
44691.025,KY3,7/23/2012,PESU,M,NR,adult,21:37,harp trap,No,5.0,34.4,0.15,0,Neg,Yes,KYFW B11965 red,Neg,0.00,,Neg,0.00,,
44691.026,KY3,7/23/2012,MYLU,F,PL,adult,21:52,harp trap,No,7.5,37.7,0.20,0,Neg,Yes,KYFW B11941 red,Neg,0.00,NG,Neg,0.00,,
44691.027,KY3,7/23/2012,PESU,M,NR,adult,21:37,harp trap,No,6.8,35.4,0.19,0,Neg,No,KYFW B11868 red,Neg,0.00,,,,,
44691.028,KY3,7/23/2012,PESU,M,NR,adult,21:36,harp trap,No,4.8,31.9,0.15,0,Neg,Yes,KYFW B11947 red,Neg,0.00,,Neg,0.00,,
44691.029,KY3,7/23/2012,PESU,M,NR,juv,21:34,harp trap,No,5.3,33.2,0.16,0,Neg,No,KYFW B11964 red,Neg,0.00,,,,,
44691.030,KY3,7/23/2012,PESU,M,NR,juv,21:50,harp trap,No,5.5,35.1,0.16,0,Neg,No,KYFW B11502 red,Neg,0.00,,,,,
44691.031,KY3,7/23/2012,PESU,M,NR,juv,21:41,harp trap,No,4.8,33.5,0.14,0,Neg,No,KYFW B11537 red,Neg,0.00,,,,,
44691.032,KY3,7/23/2012,PESU,M,NR,adult,21:48,harp trap,No,5.5,35.4,0.16,0,Neg,No,KYFW B11525 red,Neg,0.00,,,,,
44691.033,KY3,7/23/2012,PESU,M,NR,juv,21:46,harp trap,No,5.3,34.6,0.15,0,Neg,No,KYFW B11925 red,Neg,0.00,,,,,
44691.034,KY3,7/23/2012,PESU,M,NR,adult,21:53,harp trap,No,5.3,34.6,0.15,0,Neg,Yes,KYFW B11681 red,Neg,0.00,,Neg,0.00,,
44691.035,KY3,7/23/2012,MYLE,M,NR,juv,22:02,harp trap,No,4.3,28.8,0.15,0,Neg,Yes,,Neg,0.00,,Pos,37.64,,
44691.036,KY3,7/23/2012,PESU,M,NR,adult,21:57,harp trap,No,5.3,35.3,0.15,0,Neg,No,KYFW B11627 red,Neg,0.00,,,,,
44691.037,KY3,7/23/2012,PESU,M,NR,adult,22:04,harp trap,No,5.5,34.4,0.16,1,Neg,Yes,KYFW B11593 red,Neg,0.00,,Pos,38.49,,
44691.038,KY3,7/23/2012,PESU,M,NR,adult,21:59,harp trap,No,5.5,33.9,0.16,1,Neg,No,KYFW B11808 red,Neg,0.00,,,,,
44691.039,KY3,7/23/2012,PESU,M,NR,adult,22:06,harp trap,No,5.3,34.0,0.15,0,Neg,No,KYFW B11770 red,Neg,0.00,,,,,
44691.040,KY3,7/23/2012,MYSO,M,NR,juv,22:11,harp trap,No,6.5,33.0,0.20,1,Neg,Yes,KYFW B11958 red,Neg,0.00,,Pos,35.38,,
44691.041,KY3,7/23/2012,MYLU,M,NR,adult,22:09,harp trap,No,7.3,37.2,0.19,1,Neg,Yes,KYFW B11900 red,Neg,0.00,NG,Neg,0.00,,
44691.042,KY3,7/23/2012,MYSO,M,NR,adult,22:13,harp trap,No,6.3,37.3,0.17,0,Neg,No,KYFW B11999 red,Neg,0.00,,,,,
44691.043,KY3,7/23/2012,MYSE,M,NR,adult,22:21,harp trap,No,6.0,39.2,0.15,0,Neg,No,KYFW B11914 red,Neg,0.00,,,,,
44691.044,KY3,7/23/2012,PESU,M,NR,adult,22:15,harp trap,No,5.3,35.3,0.15,1,Neg,No,KYFW B11957 red,Pos,39.43,Neg,,,,
44691.045,KY3,7/23/2012,MYSO,M,NR,adult,22:18,harp trap,No,6.8,39.1,0.17,0,Neg,Yes,KYFW B11746 red,Neg,0.00,,Neg,0.00,,
44691.046,KY3,7/23/2012,MYLU,M,NR,adult,22:24,harp trap,No,7.5,37.3,0.20,1,Neg,Yes,KYFW B11991 red,Neg,0.00,Neg,Pos,37.44,,
44691.047,KY3,7/23/2012,MYLU,M,NR,juv,22:26,harp trap,No,5.8,38.1,0.15,0,Neg,No,KYFW B10955 red,Neg,0.00,NG,,,,
44691.048,KY3,7/23/2012,MYLU,F,NL,adult,22:30,harp trap,No,8.0,37.5,0.21,0,Neg,No,KYFW B11546 red,Neg,0.00,Neg,,,,
44691.049,KY3,7/23/2012,PESU,M,NR,adult,22:28,harp trap,No,5.8,35.3,0.16,2,Neg,Yes,KYFW B11771 red,Neg,0.00,,Pos,36.84,,
44691.050,KY3,7/23/2012,PESU,M,NR,adult,22:35,harp trap,No,5.3,37.5,0.14,0,Neg,Yes,KYFW B11566 red,Neg,0.00,,Neg,0.00,,
44691.051,KY3,7/23/2012,MYSO,M,NR,adult,22:38,harp trap,No,5.3,39.0,0.13,1,Neg,No,KYFW B11882 red,Neg,0.00,,,,,
44691.052,KY3,7/23/2012,MYLU,M,NR,adult,22:48,harp trap,No,5.3,34.0,0.15,0,Neg,Yes,KYFW B11505 red,Neg,0.00,NG,Pos,36.64,,
44691.053,KY3,7/23/2012,PESU,M,NR,juv,22:51,harp trap,No,5.3,34.2,0.15,0,Neg,No,KYFW B11917 red,Neg,0.00,,,,,
44691.054,KY3,7/23/2012,MYSE,F,NL,juv,22:53,harp trap,No,5.3,35.2,0.15,1,Neg,Yes,,Neg,0.00,,Neg,0.00,,
44691.055,KY3,7/23/2012,MYLU,F,NL,adult,22:56,harp trap,No,8.3,40.4,0.20,0,Neg,No,KYFW B11846 red,Neg,0.00,NG,,,,
44691.056,KY3,7/23/2012,MYLU,M,NR,juv,22:58,harp trap,No,5.3,,,1,Neg,Yes,KYFW B11919 red,Neg,0.00,Neg,Pos,35.07,,
44691.057,KY3,7/23/2012,MYSO,M,NR,adult,23:02,harp trap,No,5.3,33.0,0.16,0,Neg,Yes,KYFW B11580 red,Neg,0.00,,Pos,37.48,,
44691.058,KY3,7/24/2012,PESU,M,NR,adult,20:40,harp trap,No,4.8,34.6,0.14,2,Neg,No,KYFW B10449 red,Neg,0.00,,,,,
44691.059,KY3,7/24/2012,MYLU,M,NR,adult,20:48,harp trap,No,7.0,38.6,0.18,1,Neg,No,KYFW B10763 red,Neg,0.00,NG,,,,
44691.060,KY3,7/24/2012,MYLU,M,NR,unk,20:50,harp trap,No,7.3,35.3,0.21,1,Neg,No,KYFW B11301 red,Neg,0.00,NG,,,,
44691.061,KY3,7/24/2012,PESU,M,NR,unk,20:55,harp trap,No,5.3,33.8,0.16,1,Neg,No,KYFW B10455 red,Neg,0.00,,,,,
44691.062,KY3,7/24/2012,MYSO,F,PL,adult,20:56,harp trap,No,7.3,34.2,0.21,0,Neg,Yes,KYFW B10811 red,Neg,0.00,,Pos,37.86,,
44691.063,KY3,7/24/2012,PESU,M,NR,adult,20:57,harp trap,No,5.0,32.9,0.15,1,Neg,No,KYFW B10598 red,Neg,0.00,,,,,
44691.064,KY3,7/24/2012,MYSO,M,NR,adult,20:58,harp trap,No,6.8,33.8,0.20,0,Neg,Yes,KYFW B10965 red,Neg,0.00,,Pos,37.85,,
44691.065,KY3,7/24/2012,MYSO,M,NR,adult,21:00,harp trap,No,5.8,33.3,0.17,1,Neg,No,KYFW B10733 red,Neg,0.00,,,,,
44691.066,KY3,7/24/2012,PESU,M,NR,juv,21:03,harp trap,No,5.4,34.9,0.15,0,Neg,No,KYFW B10844 red,Neg,0.00,,,,,
44691.067,KY3,7/24/2012,PESU,M,NR,adult,21:05,harp trap,No,5.0,34.9,0.14,2,Neg,No,KYFW B11445 red,Neg,0.00,,,,,
44691.068,KY3,7/24/2012,PESU,M,NR,adult,21:08,harp trap,No,4.8,35.6,0.13,1,Neg,No,KYFW B10630 red,Neg,0.00,,,,,
44691.069,KY3,7/24/2012,MYLU,M,NR,adult,21:10,harp trap,No,7.0,35.0,0.20,0,Neg,Yes,KYFW B10317 red,Neg,0.00,NG,Pos,35.97,,
44691.070,KY3,7/24/2012,MYSO,M,NR,adult,21:10,harp trap,No,5.8,37.1,0.15,1,Neg,No,KYFW B11002 red,Neg,0.00,,,,,
44691.071,KY3,7/24/2012,PESU,M,NR,juv,21:13,harp trap,No,5.8,33.1,0.17,1,Neg,No,KYFW B10512 red,Neg,0.00,,,,,
44691.072,KY3,7/24/2012,MYLU,M,NR,juv,21:15,harp trap,No,7.0,37.9,0.18,0,Neg,Yes,KYFW B11322 red,Pos,39.99,Neg,Neg,0.00,,
44691.073,KY3,7/24/2012,MYLU,M,NR,juv,21:17,harp trap,No,7.0,39.7,0.18,0,Neg,No,KYFW B10522 red,Neg,0.00,NG,,,,
44691.074,KY3,7/24/2012,MYSO,M,NR,adult,21:20,harp trap,No,6.5,33.6,0.19,0,Neg,No,KYFW B10895 red,Neg,0.00,,,,,
44691.075,KY3,7/24/2012,PESU,M,NR,adult,21:22,harp trap,No,4.8,33.8,0.14,1,Neg,No,KYFW B10183 red,Neg,0.00,,,,,
44691.076,KY3,7/24/2012,MYGR,M,NR,adult,21:25,harp trap,No,10.5,42.8,0.25,0,Neg,Yes,KYFW B10185 red,Neg,0.00,,Neg,0.00,,
44691.077,KY3,7/24/2012,MYSE,M,NR,adult,21:32,harp trap,No,6.8,36.7,0.18,1,Neg,No,KYFW B11424 red,Neg,0.00,,,,,
44691.078,KY3,7/24/2012,PESU,M,NR,adult,21:36,harp trap,No,5.0,33.3,0.15,0,Neg,No,KYFW B10855 red,Neg,0.00,,,,,
44691.079,KY3,7/24/2012,MYLU,M,NR,unk,21:34,harp trap,No,6.5,36.6,0.18,2,Neg,No,KYFW B10501 red,Neg,0.00,NG,,,,
44691.080,KY3,7/24/2012,MYLU,F,NL,juv,21:38,harp trap,No,6.3,38.4,0.16,0,Neg,Yes,KYFW B10297 red,Neg,0.00,Neg,Pos,34.14,,
44691.081,KY3,7/24/2012,MYSO,M,NR,adult,21:40,harp trap,No,6.3,38.7,0.16,1,Neg,Yes,KYFW B10498 red,Neg,0.00,,Pos,37.48,,
44691.082,KY3,7/24/2012,MYSO,M,NR,adult,21:43,harp trap,No,6.0,32.7,0.18,1,Neg,No,KYFW B11330 red,Neg,0.00,,,,,
44691.083,KY3,7/24/2012,MYSO,M,NR,adult,21:45,harp trap,No,6.0,38.4,0.16,0,Neg,No,KYFW B10876 red,Neg,0.00,,,,,
44691.084,KY3,7/24/2012,MYLU,M,NR,unk,21:47,harp trap,No,7.0,38.3,0.18,0,Neg,No,KYFW B10151 red,Neg,0.00,NG,,,,
44691.085,KY3,7/24/2012,MYSO,M,NR,juv,21:50,harp trap,No,6.5,38.4,0.17,1,Neg,Yes,KYFW B11198 red,Neg,0.00,,Neg,0.00,,
44691.086,KY3,7/24/2012,MYLU,M,NR,adult,21:53,harp trap,No,6.5,38.4,0.17,0,Neg,No,KYFW B10574 red,Neg,0.00,OG,,,,
44691.087,KY3,7/24/2012,MYSO,M,NR,adult,21:55,harp trap,No,6.5,37.7,0.17,1,Neg,Yes,KYFW B10457 red,Neg,0.00,,Neg,0.00,,
44691.088,KY3,7/24/2012,MYSO,M,NR,adult,21:57,harp trap,No,6.8,38.1,0.18,0,Neg,No,KYFW B10524 red,Neg,0.00,,,,,
44691.089,KY3,7/24/2012,MYSO,F,NL,juv,22:01,harp trap,No,7.0,40.0,0.18,0,Neg,No,KYFW B10264 red,Neg,0.00,,,,,
44691.090,KY3,7/24/2012,MYSO,M,NR,adult,22:03,harp trap,No,6.3,38.3,0.16,0,Neg,No,KYFW B11418 red,Neg,0.00,,,,,
44691.091,KY3,7/24/2012,MYLU,F,NL,adult,22:07,harp trap,No,6.8,36.1,0.19,0,Neg,No,KYFW B11430 red,Neg,0.00,Neg,,,,
44691.093,KY3,7/24/2012,MYSO,M,NR,adult,22:05,harp trap,No,6.5,38.6,0.17,0,Neg,No,KYFW B10683 red,Neg,0.00,,,,,
44691.094,KY3,7/24/2012,MYGR,M,NR,juv,22:09,harp trap,No,9.5,43.2,0.22,0,Neg,No,KYFW B10893 red,Neg,0.00,,,,,
44691.095,KY3,7/24/2012,MYSO,M,NR,adult,22:12,harp trap,No,7.3,40.1,0.18,1,Neg,No,KYFW B11013 red,Neg,0.00,,,,,
44691.096,KY3,7/24/2012,MYLU,M,NR,juv,22:15,harp trap,No,6.0,36.4,0.16,0,Neg,Yes,KYFW B10103 red,Neg,0.00,NG,Pos,35.58,,
44691.097,KY3,7/24/2012,MYLU,M,NR,adult,22:17,harp trap,No,6.0,37.8,0.16,1,Neg,Yes,KYFW B10797 red,Neg,0.00,OG,Pos,34.15,,
44691.098,KY3,7/24/2012,MYSO,M,NR,juv,22:20,harp trap,No,5.8,33.4,0.17,1,Neg,Yes,KYFW B10865 red,Neg,0.00,,Pos,36.37,,
44691.099,KY3,7/24/2012,PESU,M,NR,adult,22:22,harp trap,No,5.3,35.8,0.15,0,Neg,No,KYFW B10797 red,Neg,0.00,,,,,
44691.100,KY3,7/24/2012,MYSO,M,NR,adult,22:25,harp trap,No,6.3,32.1,0.19,0,Neg,No,KYFW B10612 red,Neg,0.00,,,,,
44691.101,KY3,7/24/2012,MYSO,F,NL,adult,22:28,harp trap,No,7.0,37.8,0.19,0,Neg,Yes,KYFW B11233 red,Neg,0.00,,Neg,0.00,,
44691.102,KY3,7/24/2012,MYSO,M,NR,juv,22:29,harp trap,No,5.5,32.4,0.17,0,Neg,No,KYFW B10737 red,Neg,0.00,,,,,
44692.001,KY2,7/25/2012,MYLU,M,NR,juv,20:22,hand,No,7.3,32.4,0.23,0,Neg,Yes,KYFW B10548 red,Neg,0.00,,Neg,0.00,,
44692.002,KY2,7/25/2012,MYLU,M,NR,juv,20:16,hand,No,6.5,36.6,0.18,0,Neg,Yes,KYFW B10644 red,Neg,0.00,,Neg,0.00,,
44692.003,KY2,7/25/2012,PESU,M,NR,adult,20:07,hand,No,4.9,33.2,0.15,0,Neg,No,KYFW B11471 red,Neg,0.00,,,,,
44692.004,KY2,7/25/2012,PESU,M,NR,adult,20:14,hand,No,5.3,33.0,0.16,1,Neg,Yes,KYFW B11021 red,Neg,0.00,,Neg,0.00,,
44692.005,KY2,7/25/2012,MYLU,M,NR,adult,20:18,hand,No,6.3,36.5,0.17,1,Neg,Yes,KYFW B10152 red,Neg,0.00,,Neg,0.00,,
44692.006,KY2,7/25/2012,MYLU,M,NR,adult,20:18,hand,No,6.2,38.0,0.16,0,Neg,Yes,KYFW B11309 red,Neg,0.00,,Neg,0.00,,
44692.007,KY2,7/25/2012,MYLU,M,NR,adult,20:20,hand,No,6.9,36.8,0.19,0,Neg,Yes,KYFW B11344 red,Neg,0.00,,Neg,0.00,,
44692.008,KY2,7/25/2012,MYLU,M,NR,adult,20:20,hand,No,6.6,36.5,0.18,0,Neg,No,KYFW B10194 red,Neg,0.00,,,,,
44692.009,KY2,7/25/2012,MYLU,M,NR,juv,20:20,hand,No,5.7,35.0,0.16,0,Neg,No,KYFW B10809 red,Neg,0.00,,,,,
44692.010,KY2,7/25/2012,MYLU,M,NR,adult,20:20,hand,No,7.0,35.1,0.20,1,Neg,Yes,KYFW B08611 silver,Neg,0.00,,Neg,0.00,,
44692.011,KY2,7/25/2012,MYLU,M,NR,adult,20:24,hand,No,5.6,35.9,0.16,0,Neg,No,KYFW B08650 silver,Neg,0.00,,,,,
44692.012,KY2,7/25/2012,MYLU,M,NR,adult,20:23,hand,No,6.9,38.3,0.18,0,Neg,Yes,KYFW B08649 silver,Neg,0.00,,Neg,0.00,,
44692.013,KY2,7/25/2012,MYLU,M,NR,adult,20:24,hand,No,7.1,35.6,0.20,0,Neg,Yes,KYFW B08612 silver,Neg,0.00,,Neg,0.00,,
44692.014,KY2,7/25/2012,MYLU,M,NR,adult,20:24,hand,No,6.1,35.3,0.17,1,Neg,No,KYFW B08613 silver,Neg,0.00,,,,,
44692.015,KY2,7/25/2012,MYLU,M,NR,adult,20:24,hand,No,6.0,35.1,0.17,1,Neg,Yes,KYFW B08614 silver,Neg,0.00,,Neg,0.00,,
44692.016,KY2,7/25/2012,MYLU,M,NR,juv,20:27,hand,No,6.5,37.2,0.17,0,Neg,Yes,KYFW B08648 silver,Neg,0.00,,Neg,0.00,,
44692.017,KY2,7/25/2012,MYSO,M,NR,adult,20:39,hand,No,6.4,39.0,0.16,0,Neg,Yes,KYFW B08647 silver,Neg,0.00,,Neg,0.00,,
44692.018,KY2,7/25/2012,MYLU,M,NR,juv,20:28,hand,No,6.6,35.0,0.19,0,Neg,Yes,KYFW B08615 silver,Neg,0.00,,Neg,0.00,,
44692.019,KY2,7/25/2012,MYSO,M,NR,juv,20:40,hand,No,6.0,39.4,0.15,1,Neg,Yes,KYFW B08646 silver,Neg,0.00,,Neg,0.00,,
44692.020,KY2,7/25/2012,MYSO,M,NR,juv,20:40,hand,No,6.6,38.6,0.17,0,Neg,Yes,KYFW B08645 silver,Neg,0.00,,Neg,0.00,,
44692.021,KY2,7/25/2012,MYSO,M,NR,adult,20:32,hand,No,6.4,35.3,0.18,1,Neg,Yes,KYFW B08616 silver,Neg,0.00,,Neg,0.00,,
44692.022,KY2,7/25/2012,MYSO,M,NR,adult,20:41,hand,No,6.3,37.4,0.17,1,Neg,No,KYFW B08644 silver,Neg,0.00,,,,,
44692.023,KY2,7/25/2012,MYSO,M,NR,juv,20:39,hand,No,7.1,39.5,0.18,0,Neg,No,KYFW B08617 silver,Neg,0.00,,,,,
44692.024,KY2,7/25/2012,MYSO,M,NR,adult,20:40,hand,No,7.3,38.0,0.19,0,Neg,Yes,KYFW B08618 silver,Neg,0.00,,Neg,0.00,,
44692.025,KY2,7/25/2012,MYSO,M,NR,juv,20:45,hand,No,6.2,38.0,0.16,0,Neg,Yes,KYFW B08619 silver,Neg,0.00,,Neg,0.00,,
44692.026,KY2,7/25/2012,MYSO,M,NR,adult,20:42,hand,No,7.2,38.7,0.19,1,Neg,Yes,KYFW B08643 silver,Neg,0.00,,Neg,0.00,,
44692.027,KY2,7/25/2012,MYSO,F,NL,juv,20:42,hand,No,6.5,38.5,0.17,0,Neg,Yes,KYFW B08642 silver,Neg,0.00,,Neg,0.00,,
44692.028,KY2,7/25/2012,MYSO,F,PL,adult,20:44,hand,No,6.9,39.8,0.17,1,Neg,Yes,KYFW B08641 silver,Neg,0.00,,Neg,0.00,,
44692.029,KY2,7/25/2012,MYSO,M,NR,adult,20:50,hand,No,6.3,39.7,0.16,0,Neg,Yes,KYFW B08640 silver,Neg,0.00,,Neg,0.00,,
44692.030,KY2,7/25/2012,MYLU,M,NR,juv,20:55,hand,No,5.9,36.5,0.16,0,Neg,Yes,KYFW B08639 silver,Neg,0.00,,Neg,0.00,,
44692.031,KY2,7/25/2012,MYSO,M,NR,adult,20:45,hand,No,6.5,38.0,0.17,0,Neg,Yes,KYFW B08620 silver,Neg,0.00,,Neg,0.00,,
44692.032,KY2,7/25/2012,MYLU,F,NL,juv,20:55,hand,No,6.5,36.0,0.18,1,Neg,Yes,KYFW B08621 silver,Neg,0.00,,Neg,0.00,,
44692.033,KY2,7/25/2012,MYSO,M,NR,adult,20:56,hand,No,6.4,40.6,0.16,1,Neg,Yes,KYFW B08638 silver,Neg,0.00,,Neg,0.00,,
44692.034,KY2,7/25/2012,MYSO,M,NR,adult,20:55,hand,No,6.3,39.0,0.16,1,Neg,No,KYFW B08622 silver,Neg,0.00,,,,,
44692.035,KY2,7/25/2012,MYSO,M,NR,adult,20:56,hand,No,5.9,38.8,0.15,0,Neg,Yes,KYFW B08637 silver,Neg,0.00,,Neg,0.00,,
44692.036,KY2,7/25/2012,MYSO,M,NR,adult,20:56,hand,No,6.4,38.5,0.17,1,Neg,Yes,KYFW B08623 silver,Neg,0.00,,Neg,0.00,,
44692.037,KY2,7/25/2012,MYSO,M,NR,adult,20:57,hand,No,5.7,39.0,0.15,0,Neg,Yes,KYFW B08624 silver,Neg,0.00,,Neg,0.00,,
44692.038,KY2,7/25/2012,MYSO,F,PL,adult,20:57,hand,No,7.6,40.3,0.19,1,Neg,Yes,KYFW B08636 silver,Neg,0.00,,Neg,0.00,,
44692.039,KY2,7/25/2012,MYSO,M,NR,juv,20:58,hand,No,6.5,40.0,0.16,0,Neg,Yes,KYFW B08635 silver,Neg,0.00,,Neg,0.00,,
44692.040,KY2,7/25/2012,MYSO,F,NL,juv,20:58,hand,No,5.7,35.0,0.16,0,Neg,Yes,KYFW B08625 silver,Neg,0.00,,Neg,0.00,,
44692.041,KY2,7/25/2012,MYSO,M,NR,adult,20:59,hand,No,6.2,39.5,0.16,1,Pos,Yes,KYFW B08626 silver,Neg,0.00,,Neg,0.00,,
44692.042,KY2,7/25/2012,MYLU,M,NR,adult,21:00,hand,No,6.2,38.8,0.16,1,Neg,No,KYFW 08634 silver,Neg,0.00,,,,,
44692.043,KY2,7/25/2012,MYSO,F,PL,adult,21:00,hand,No,7.5,41.0,0.18,1,Neg,Yes,KYFW B08633,Neg,0.00,,Neg,0.00,,
44692.044,KY2,7/26/2012,MYSO,M,NR,juv,13:55,hand,No,7.0,38.8,0.18,1,Neg,No,KYFW B08627 silver,Neg,0.00,,,,,
44692.045,KY2,7/26/2012,MYLU,M,NR,adult,13:51,hand,No,7.3,37.5,0.19,0,Neg,Yes,KYFW B08632 silver,Neg,0.00,,Neg,0.00,,
44692.046,KY2,7/26/2012,MYSO,M,NR,juv,13:51,hand,No,6.9,37.1,0.19,0,Neg,No,KYFW B08628 silver,Neg,0.00,,,,,
44692.047,KY2,7/26/2012,MYSO,M,NR,juv,13:52,hand,No,7.5,38.0,0.20,0,Neg,No,KYFW B08629 silver,Neg,0.00,,,,,
44692.048,KY2,7/26/2012,MYSO,M,NR,adult,13:52,hand,No,6.9,39.1,0.18,1,Neg,Yes,KYFW B08631 silver,Neg,0.00,,Neg,0.00,,
44692.049,KY2,7/26/2012,MYSO,M,NR,adult,13:52,hand,No,6.2,35.5,0.17,1,Neg,Yes,KYFW B08630 silver,Neg,0.00,,Neg,0.00,,
44692.050,KY2,7/26/2012,MYSO,M,NR,juv,13:53,hand,No,7.2,38.9,0.19,0,Neg,Yes,KYFW B08700 silver,Neg,0.00,,Neg,0.00,,
44692.051,KY2,7/26/2012,MYSO,M,NR,adult,13:53,hand,No,7.1,39.0,0.18,0,Neg,Yes,KYFW B08651 silver,Neg,0.00,,Neg,0.00,,
44692.052,KY2,7/26/2012,MYSO,M,NR,adult,13:53,hand,No,6.6,39.3,0.17,0,Neg,No,KYFW B08699 silver,Neg,0.00,,,,,
44692.053,KY2,7/26/2012,MYLU,F,NR,adult,13:53,hand,No,7.8,,,0,Neg,Yes,KYFW B08652 silver,missing,,,Neg,0.00,,
44692.054,KY2,7/26/2012,MYLU,M,NR,juv,13:54,hand,No,7.3,38.3,0.19,1,Neg,Yes,KYFW B08698 silver,Neg,0.00,,Neg,0.00,,
44692.055,KY2,7/26/2012,MYSO,F,PL,adult,13:54,hand,No,7.7,40.0,0.19,1,Neg,Yes,KYFW B08653 silver,Neg,0.00,,Neg,0.00,,
44692.056,KY2,7/26/2012,MYLU,F,NL,juv,13:54,hand,No,6.8,36.6,0.19,0,Neg,Yes,KYFW B08697 silver,Neg,0.00,,Neg,0.00,,
44692.057,KY2,7/26/2012,MYLU,M,NR,juv,13:55,hand,No,7.3,37.0,0.20,0,Neg,Yes,KYFW B08654 silver,Neg,0.00,,Neg,0.00,,
44692.058,KY2,7/26/2012,MYSO,F,PL,adult,13:55,hand,No,7.4,37.9,0.20,0,Neg,Yes,KYFW B08696 silver,Neg,0.00,,Neg,0.00,,
44692.059,KY2,7/26/2012,MYSO,M,NR,adult,13:55,hand,No,6.9,39.5,0.17,1,Neg,Yes,KYFW B08655 silver,Neg,0.00,,Neg,0.00,,
44692.060,KY2,7/26/2012,MYLU,F,PL,adult,13:55,hand,No,7.2,36.9,0.20,0,Neg,Yes,KYFW B08695 silver,Neg,0.00,,Neg,0.00,,
44692.061,KY2,7/26/2012,MYSO,M,NR,juv,13:55,hand,No,6.6,37.0,0.18,2,Neg,Yes,KYFW B08656 silver,Neg,0.00,,Neg,0.00,,
44692.062,KY2,7/26/2012,MYLU,F,NL,juv,13:56,hand,No,7.6,37.5,0.20,0,Neg,Yes,KYFW B08694 silver,Neg,0.00,,Neg,0.00,,
44692.063,KY2,7/26/2012,MYSO,F,PL,adult,13:56,hand,No,8.6,41.5,0.21,1,Neg,Yes,KYFW B08657 silver,Neg,0.00,,Neg,0.00,,
44692.064,KY2,7/26/2012,MYLU,M,NR,adult,15:14,hand,No,6.1,37.0,0.16,1,Neg,Yes,KYFW B08658 silver,Neg,0.00,,Neg,0.00,,
44692.065,KY2,7/26/2012,MYLU,M,NR,juv,15:15,hand,No,6.6,39.1,0.17,0,Neg,Yes,KYFW B08693 silver,Neg,0.00,,Neg,0.00,,
44692.066,KY2,7/26/2012,MYLU,M,NR,juv,15:14,hand,No,6.2,35.0,0.18,0,Neg,Yes,KYFW B08659 silver,Neg,0.00,,Neg,0.00,,
44692.067,KY2,7/26/2012,MYLU,M,NR,adult,15:15,hand,No,6.4,38.5,0.17,0,Neg,Yes,KYFW B08692 silver,Neg,0.00,,Neg,0.00,,
44692.068,KY2,7/26/2012,MYLU,M,NR,juv,15:15,hand,No,5.7,37.0,0.15,0,Neg,Yes,KYFW B08660 silver,Neg,0.00,,Neg,0.00,,
44692.069,KY2,7/26/2012,MYLU,M,NR,juv,15:16,hand,No,7.0,37.0,0.19,0,Neg,Yes,KYFW B08691 silver,Neg,0.00,,Neg,0.00,,
44692.070,KY2,7/26/2012,MYLU,M,NR,adult,15:16,hand,No,6.3,37.0,0.17,1,Neg,No,KYFW B08661 silver,Neg,0.00,,,,,
44692.071,KY2,7/26/2012,MYLU,F,PL,adult,15:16,hand,No,8.1,37.0,0.22,1,Neg,Yes,KYFW B08690 silver,Neg,0.00,,Neg,0.00,,
44692.072,KY2,7/26/2012,MYLU,M,NR,juv,15:16,hand,No,7.3,37.0,0.20,1,Neg,Yes,KYFW B08662 silver,Neg,0.00,,Neg,0.00,,
44692.073,KY2,7/26/2012,PESU,M,NR,juv,15:21,hand,No,4.8,34.4,0.14,0,Neg,Yes,KYFW B08689 silver,Neg,0.00,,Neg,0.00,,
44692.074,KY2,7/26/2012,MYSO,M,NR,juv,15:18,hand,No,7.3,39.5,0.18,1,Neg,Yes,KYFW B08663 silver,Neg,0.00,,Neg,0.00,,
44692.075,KY2,7/26/2012,MYSO,M,NR,juv,15:18,hand,No,7.1,37.0,0.19,1,Neg,Yes,KYFW B08664 silver,Neg,0.00,,Neg,0.00,,
44692.076,KY2,7/26/2012,PESU,M,NR,juv,15:20,hand,No,5.1,33.7,0.15,2,Pos,No,,Neg,0.00,,,,,
44692.077,KY2,7/26/2012,MYSO,M,NR,juv,15:26,hand,No,6.5,38.5,0.17,1,Neg,Yes,KYFW B08665 silver,Neg,0.00,,Neg,0.00,,
44692.078,KY2,7/26/2012,MYSO,M,NR,adult,15:26,hand,No,6.5,38.0,0.17,0,Neg,Yes,KYFW B08688 silver,Neg,0.00,,Neg,0.00,,
44692.079,KY2,7/26/2012,MYSO,M,NR,juv,15:27,hand,No,6.5,39.0,0.17,1,Neg,Yes,KYFW B08666 silver,Neg,0.00,,Neg,0.00,,
44692.080,KY2,7/26/2012,MYSO,F,PL,adult,15:40,hand,No,7.7,38.5,0.20,1,Neg,Yes,KYFW B08667 silver,Neg,0.00,,Neg,0.00,,
44692.081,KY2,7/26/2012,MYSO,F,PL,adult,15:41,hand,No,8.1,39.0,0.21,0,Neg,Yes,KYFW B08687 silver,Neg,0.00,,Neg,0.00,,
44692.082,KY2,7/26/2012,MYSO,F,PL,adult,15:42,hand,No,7.0,39.0,0.18,0,Neg,Yes,KYFW B08668 silver,Neg,0.00,,Neg,0.00,,
44692.083,KY2,7/26/2012,MYSO,M,NR,adult,15:26,hand,No,7.0,39.9,0.18,0,Neg,Yes,KYFW B08686 silver,Neg,0.00,,Neg,0.00,,
44692.084,KY2,7/26/2012,MYSO,M,NR,juv,15:42,hand,No,6.4,38.5,0.17,1,Neg,Yes,KYFW B08669 silver,Neg,0.00,,Neg,0.00,,
44692.085,KY2,7/26/2012,MYSO,F,PL,adult,15:40,hand,No,8.0,38.8,0.21,1,Neg,Yes,KYFW B08685 silver,Neg,0.00,,Neg,0.00,,
44692.086,KY2,7/26/2012,MYSO,F,PL,adult,15:41,hand,No,7.4,39.0,0.19,0,Neg,Yes,KYFW B08670 silver,Neg,0.00,,Neg,0.00,,
44692.087,KY2,7/26/2012,MYLU,M,NR,adult,17:26,hand,No,6.6,34.8,0.19,1,Neg,No,KYFW B08671 silver,Neg,0.00,,,,,
44692.088,KY2,7/26/2012,MYLU,M,NR,adult,17:39,hand,No,7.7,38.8,0.20,0,Neg,Yes,KYFW B08673 silver,Neg,0.00,,Neg,0.00,,
44692.089,KY2,7/26/2012,PESU,M,NR,juv,17:29,hand,No,5.2,33.8,0.15,0,Neg,No,KYFW B08672 silver,Neg,0.00,,,,,
44693.001,OH1,7/31/2012,MYSE,M,ND,adult,20:58,harp trap,No,6.6,35.8,0.18,2,Neg,Yes,ODNR 24603 silver,Neg,0.00,,Neg,0.00,,
44693.002,OH1,7/31/2012,MYLU,M,S,adult,21:05,harp trap,No,7.3,36.5,0.20,0,Neg,No,ODNR 24604 silver,Neg,0.00,,,,,
44693.003,OH1,7/31/2012,MYLU,M,S,adult,21:08,harp trap,No,5.5,36.3,0.15,0,Neg,No,ODNR 24605 silver,Neg,0.00,,,,,
44693.004,OH1,7/31/2012,MYSE,F,NL,adult,21:55,harp trap,No,6.6,34.9,0.19,0,Neg,Yes,ODNR 24606 silver,Neg,0.00,,Neg,0.00,,
44693.005,OH1,7/31/2012,MYSE,M,S,adult,21:58,harp trap,No,6.6,35.7,0.18,0,Neg,Yes,ODNR 24607 silver,Neg,0.00,,Neg,0.00,,
44693.006,OH1,7/31/2012,PESU,M,S,adult,22:15,harp trap,No,4.9,33.7,0.15,0,Neg,No,ODNR 24608 silver,Neg,0.00,,,,,
44693.007,OH1,7/31/2012,MYSE,M,S,adult,22:20,harp trap,No,5.7,34.4,0.17,0,Neg,No,ODNR 24609 silver,Neg,0.00,,,,,
44693.008,OH1,7/31/2012,MYSE,F,PL,adult,22:22,harp trap,No,6.9,36.7,0.19,0,Neg,Yes,ODNR 24610 silver,Neg,0.00,,Neg,0.00,,
44693.009,OH1,7/31/2012,EPFU,M,S,adult,22:24,harp trap,No,14.6,44.1,0.33,0,Neg,Yes,ODNR 31851 silver,Neg,0.00,,Neg,0.00,,
44693.010,OH1,7/31/2012,MYSE,F,NL,adult,22:28,harp trap,No,6.7,38.1,0.18,0,Neg,Yes,ODNR 24611 silver,Neg,0.00,,Neg,0.00,,
44693.011,OH1,7/31/2012,MYSE,M,ND,adult,22:34,harp trap,No,4.9,34.2,0.14,0,Neg,No,ODNR 24612 silver,Neg,0.00,,,,,
44693.012,OH1,7/31/2012,MYSE,M,ND,adult,22:43,harp trap,No,6.0,36.7,0.16,0,Neg,No,ODNR 24613 silver,Neg,0.00,,,,,
44693.013,OH1,7/31/2012,MYSE,M,S,adult,22:49,harp trap,No,5.8,34.2,0.17,0,Neg,Yes,ODNR 24614 silver,Neg,0.00,,Neg,0.00,,
44693.014,OH1,7/31/2012,MYSE,M,ND,adult,22:52,harp trap,No,6.0,32.9,0.18,0,Neg,No,ODNR 24615 silver,Neg,0.00,,,,,
44693.015,OH1,8/1/2012,MYLU,F,NL,adult,20:24,harp trap,No,6.0,37.2,0.16,0,Neg,No,ODNR 24626 silver,Neg,0.00,,,,,
44693.016,OH1,8/1/2012,MYLU,F,NL,adult,20:34,harp trap,No,5.8,38.0,0.15,1,Neg,No,ODNR 24627 silver,Neg,0.00,,,,,
44693.017,OH1,8/1/2012,MYSE,M,S,adult,20:47,harp trap,No,6.4,37.1,0.17,NR,Neg,Yes,ODNR 24628 silver,Neg,0.00,,Neg,0.00,,
44693.018,OH1,8/1/2012,MYLU,M,ND,juv,20:55,harp trap,No,6.5,36.9,0.18,0,Neg,Yes,ODNR 24629 silver,Neg,0.00,,Pos,36.26,,
44693.019,OH1,8/1/2012,MYLU,M,S,adult,20:57,harp trap,No,6.6,36.8,0.18,0,Neg,No,ODNR 24630 silver,Neg,0.00,,,,,
44693.020,OH1,8/1/2012,MYLU,M,S,adult,21:00,harp trap,No,7.9,38.7,0.20,0,Neg,Yes,ODNR 24631 silver,Neg,0.00,,Pos,35.25,,
44693.021,OH1,8/1/2012,PESU,M,S,adult,21:02,harp trap,No,5.5,34.3,0.16,0,Neg,No,ODNR 24632 silver,Neg,0.00,,,,,
44693.022,OH1,8/1/2012,MYLU,M,S,adult,21:05,harp trap,No,6.5,38.6,0.17,0,Neg,Yes,ODNR 24633 silver,Neg,0.00,,Pos,36.99,,
44693.023,OH1,8/1/2012,MYLU,M,S,adult,21:07,harp trap,No,6.3,36.4,0.17,0,Neg,No,ODNR 24634 silver,Neg,0.00,,,,,
44693.024,OH1,8/1/2012,MYLU,M,S,adult,21:10,harp trap,No,7.5,37.6,0.20,0,Neg,No,ODNR 24635 silver,Neg,0.00,,,,,
44693.025,OH1,8/1/2012,MYLU,M,S,adult,21:18,harp trap,No,7.4,36.4,0.20,0,Neg,No,ODNR 24636 silver,Neg,0.00,,,,,
44693.026,OH1,8/1/2012,MYLU,M,S,adult,21:22,harp trap,No,7.0,36.6,0.19,0,Neg,Yes,ODNR 24637 silver,Neg,0.00,,Neg,0.00,,
44693.027,OH1,8/1/2012,MYSE,F,PL,adult,22:13,harp trap,No,6.3,36.5,0.17,0,Neg,No,ODNR 24638 silver,Neg,0.00,,,,,
44693.028,OH1,8/1/2012,MYSE,M,S,adult,22:53,harp trap,No,6.3,34.6,0.18,0,Neg,Yes,ODNR 24639 silver,Neg,0.00,,Neg,0.00,,
44693.029,OH1,8/1/2012,MYLU,M,ND,adult,23:54,harp trap,No,6.9,36.8,0.19,0,Neg,Yes,ODNR 24648 silver,Neg,0.00,,Pos,37.63,,
44693.030,OH1,8/2/2012,MYSE,M,ND,adult,20:42,harp trap,No,5.4,35.9,0.15,0,Neg,No,ODNR 19401 silver,Neg,0.00,,,,,
44693.031,OH1,7/31/2012,MYLU,M,S,adult,20:48,harp trap,No,6.5,38.0,0.17,0,Neg,No,ODNR 19362 silver,Neg,0.00,,,,,
44693.032,OH1,7/31/2012,MYLU,M,S,adult,21:11,harp trap,No,7.5,38.0,0.20,0,Neg,No,ODNR 19363 silver,Neg,0.00,,,,,
44693.033,OH1,8/2/2012,MYLU,F,NL,adult,20:47,harp trap,No,6.9,37.7,0.18,0,Neg,No,ODNR 19402 silver,Neg,0.00,,,,,
44693.034,OH1,8/2/2012,MYSE,M,S,adult,20:48,harp trap,No,5.6,35.9,0.16,0,Neg,No,ODNR 19403 silver,Neg,0.00,,,,,
44693.035,OH1,8/2/2012,MYLU,M,S,adult,20:54,harp trap,No,7.2,35.7,0.20,0,Neg,No,ODNR 19404 silver,Neg,0.00,,,,,
44693.036,OH1,8/2/2012,MYSE,F,NL,adult,20:58,harp trap,No,6.0,36.4,0.17,0,Neg,Yes,ODNR 19405 silver,Neg,0.00,,Neg,0.00,,
44693.037,OH1,8/2/2012,MYSE,M,S,adult,21:05,harp trap,No,5.1,33.9,0.15,0,Neg,No,ODNR 19406 silver,Neg,0.00,,,,,
44693.038,OH1,8/2/2012,MYSE,F,NL,juv,21:07,harp trap,No,5.7,35.9,0.16,0,Neg,No,ODNR 19407 silver,Neg,0.00,,,,,
44693.039,OH1,8/2/2012,PESU,M,S,adult,21:15,harp trap,No,5.3,34.1,0.16,0,Neg,No,ODNR 19408 silver,Neg,0.00,,,,,
44693.040,OH1,8/2/2012,PESU,M,S,juv,21:18,harp trap,No,5.0,34.0,0.15,0,Neg,No,ONDR 19409 silver,Neg,0.00,,,,,
44693.041,OH1,8/2/2012,PESU,M,S,adult,21:28,harp trap,No,5.0,35.0,0.14,0,Neg,No,ODNR 19410 silver,Neg,0.00,,,,,
44693.042,OH1,8/2/2012,MYSE,F,PL,adult,21:32,harp trap,No,6.4,38.0,0.17,0,Neg,No,ODNR 19411 silver,Neg,0.00,,,,,
44693.043,OH1,8/2/2012,MYLU,M,S,adult,21:42,harp trap,No,6.4,38.0,0.17,0,Neg,No,ODNR 19412 silver,Neg,0.00,,,,,
44693.044,OH1,8/2/2012,MYSE,M,S,adult,21:51,harp trap,No,5.5,36.0,0.15,0,Neg,Yes,ODNR 19413 silver,Neg,0.00,,Neg,0.00,,
44693.045,OH1,8/2/2012,MYSE,M,ND,adult,22:20,harp trap,No,6.7,39.0,0.17,0,Neg,Yes,ODNR 19414 silver,Neg,0.00,,Neg,0.00,,
44693.047,OH1,8/1/2012,MYSE,M,ND,adult,20:25,mist net,No,5.5,32.3,0.17,0,Neg,No,ODNR 19364 silver,Neg,0.00,,,,,
44693.048,OH1,8/1/2012,MYSE,F,PL,adult,20:14,harp trap,No,6.5,38.0,0.17,0,Neg,No,ODNR 19365 silver,Neg,0.00,,,,,
44693.049,OH1,8/1/2012,PESU,M,ND,adult,22:18,harp trap,No,5.5,38.0,0.14,1,Neg,No,ODNR 19366 silver,Neg,0.00,,,,,
44693.050,OH1,8/1/2012,MYSE,F,NL,adult,22:48,harp trap,No,6.0,38.0,0.16,0,Neg,No,ODNR 19367 silver,Neg,0.00,,,,,
44693.051,OH1,8/1/2012,MYSE,M,S,adult,22:50,mist net,No,5.5,38.0,0.14,1,Neg,Yes,ODNR 19371 silver,Neg,0.00,,Neg,0.00,,
44693.052,OH1,8/1/2012,MYSE,F,NL,adult,23:17,harp trap,No,6.5,37.0,0.18,0,Neg,Yes,ODNR 19372 silver,Neg,0.00,,Neg,0.00,,
44693.053,OH1,8/1/2012,MYSE,M,S,adult,23:04,mist net,No,6.0,37.0,0.16,0,Neg,Yes,ODNR 19373 silver,Neg,0.00,,Neg,0.00,,
44693.054,OH1,8/1/2012,MYSE,M,ND,adult,23:50,harp trap,No,5.5,38.0,0.14,0,Neg,Yes,ODNR 19375 silver,Neg,0.00,,Neg,0.00,,
44693.055,OH1,8/1/2012,MYSE,F,NL,adult,23:56,harp trap,No,6.2,35.0,0.18,0,Neg,Yes,ODNR 19376 silver,Neg,0.00,,Neg,0.00,,
44693.056,OH1,8/1/2012,MYSE,M,S,adult,23:59,harp trap,No,5.0,36.0,0.14,0,Neg,Yes,ODNR 19377 silver,Neg,0.00,,Neg,0.00,,
44693.057,OH1,8/1/2012,MYSO,M,S,adult,23:59,mist net,No,6.0,38.0,0.16,0,Neg,Yes,ODNR 19378 silver,Neg,0.00,,Neg,0.00,,
44693.058,OH1,8/2/2012,MYSE,M,ND,adult,0:28,harp trap,No,5.0,35.0,0.14,1,Neg,No,ODNR 19379 silver,Neg,0.00,,,,,
44693.059,OH1,8/2/2012,PESU,M,ND,juv,0:31,harp trap,No,5.3,35.0,0.15,1,Neg,No,ODNR 19380 silver,Neg,0.00,,,,,
44693.060,OH1,8/2/2012,MYSE,M,S,adult,0:39,harp trap,No,5.3,36.0,0.15,0,Neg,No,ODNR 19381 silver,Neg,0.00,,,,,
44693.061,OH1,8/2/2012,MYLU,M,S,adult,20:36,harp trap,No,6.3,38.0,0.16,0,Neg,No,ODNR 19382 silver,Neg,0.00,,,,,
44693.062,OH1,8/2/2012,MYLU,M,S,adult,20:45,harp trap,No,6.0,37.0,0.16,0,Neg,No,ODNR 19383 silver,Neg,0.00,,,,,
44693.063,OH1,8/2/2012,MYLU,M,S,adult,20:49,harp trap,No,6.0,38.0,0.16,0,Neg,Yes,ODNR 19384 silver,Neg,0.00,,Neg,0.00,,
44693.064,OH1,8/2/2012,MYLU,M,S,adult,20:51,harp trap,No,6.0,35.0,0.17,0,Neg,No,ODNR 19385 silver,Neg,0.00,,,,,
44693.065,OH1,8/2/2012,MYLU,M,S,adult,21:05,harp trap,No,6.3,37.0,0.17,1,Neg,No,ODNR 19386 silver,Neg,0.00,,,,,
44693.066,OH1,8/2/2012,MYLU,F,PL,adult,21:07,harp trap,No,7.0,38.0,0.18,0,Neg,Yes,ODNR 19387 silver,Neg,0.00,,Pos,37.47,,
44693.067,OH1,8/2/2012,MYSE,M,S,adult,21:14,harp trap,No,5.0,37.0,0.14,0,Neg,No,ODNR 19388 silver,Neg,0.00,,,,,
44693.068,OH1,8/2/2012,MYSE,F,PL,adult,21:21,harp trap,No,6.3,36.0,0.17,1,Neg,No,ODNR 19389 silver,Neg,0.00,,,,,
44693.069,OH1,8/2/2012,MYSE,M,S,adult,21:41,harp trap,No,6.3,35.0,0.18,0,Neg,Yes,ODNR 19390 silver,Neg,0.00,,Neg,0.00,,
44693.070,OH1,8/2/2012,MYLU,M,S,adult,22:27,harp trap,No,7.8,35.0,0.22,0,Neg,No,ODNR 19392 silver,Neg,0.00,,,,,
44693.071,OH1,8/2/2012,MYSE,F,PL,adult,22:45,harp trap,No,7.3,36.0,0.20,1,Neg,No,ODNR 19393 silver,Neg,0.00,,,,,
44693.072,OH1,8/2/2012,MYSE,M,S,adult,23:19,harp trap,No,6.5,38.5,0.17,1,Neg,No,ODNR 19396 silver,Neg,0.00,,,,,
44693.073,OH1,8/2/2012,MYSE,F,NL,juv,23:20,harp trap,No,6.0,,,0,Neg,Yes,ODNR 19397 silver,Neg,0.00,,Neg,0.00,,
44694.001,KY4,8/15/2012,PESU,F,NL,juv,19:50,harp trap,No,5.0,39.0,0.13,1,Neg,Yes,KYFW B11932 red,Neg,0.00,OG,Pos,36.71,,
44694.002,KY4,8/15/2012,PESU,F,NL,adult,20:03,harp trap,No,6.3,33.0,0.19,NR,Neg,No,KYFW B11765,Neg,0.00,,,,,
44694.003,KY4,8/15/2012,MYLU,F,PL,adult,20:03,harp trap,No,7.5,38.5,0.19,1,Neg,No,KYFW B11622 red,Neg,0.00,,,,,
44694.004,KY4,8/15/2012,MYLU,F,PL,adult,20:11,harp trap,No,7.0,37.0,0.19,0,Neg,No,KYFW B11864 red,Neg,0.00,,,,,
44694.005,KY4,8/15/2012,MYLU,M,S,adult,20:11,harp trap,No,7.6,35.7,0.21,1,Neg,No,KYFW B10956 red,Neg,0.00,,,,,
44694.006,KY4,8/15/2012,PESU,M,ND,adult,20:14,harp trap,No,5.5,32.8,0.17,1,Neg,No,KYFW B11742 red,Neg,0.00,,,,,
44694.007,KY4,8/15/2012,MYGR,M,S,adult,20:15,harp trap,No,9.5,43.4,0.22,1,Neg,No,KYFW B11825 red,Neg,0.00,,,,,
44694.008,KY4,8/15/2012,MYLU,M,S,adult,20:12,harp trap,No,6.0,37.0,0.16,1,Neg,No,KYFW B11863 red,Neg,0.00,,,,,
44694.009,KY4,8/15/2012,PESU,M,ND,juv,20:16,harp trap,No,5.0,34.0,0.15,1,Neg,No,KYFW B11983 red,Neg,0.00,,,,,
44694.010,KY4,8/15/2012,MYLU,M,S,adult,20:16,harp trap,No,6.0,36.0,0.17,1,Neg,No,KYFW B11741 red,Neg,0.00,,,,,
44694.011,KY4,8/15/2012,PESU,M,S,adult,20:17,harp trap,No,5.0,33.2,0.15,1,Neg,Yes,KYFW B11642 red,Neg,0.00,Neg,Pos,36.64,,
44694.012,KY4,8/15/2012,MYLU,M,S,adult,20:19,harp trap,No,6.5,38.0,0.17,1,Neg,No,KYFW B11968 red,Neg,0.00,,,,,
44694.013,KY4,8/15/2012,MYGR,M,S,juv,20:20,harp trap,No,10.0,44.7,0.22,1,Neg,No,KYFW B11854 red,Neg,0.00,,,,,
44694.014,KY4,8/15/2012,MYGR,F,NL,juv,20:19,harp trap,No,9.0,43.2,0.21,1,Neg,No,KYFW B11975 red,Neg,0.00,,,,,
44694.015,KY4,8/15/2012,MYGR,F,PL,adult,20:21,harp trap,No,11.0,44.0,0.25,0,Neg,Yes,KYFW B11766 red,Neg,0.00,Neg,Neg,0.00,,
44694.016,KY4,8/15/2012,MYLU,F,NL,juv,20:19,harp trap,No,7.5,37.4,0.20,1,Neg,No,KYFW B11501 red,Neg,0.00,,,,,
44694.017,KY4,8/15/2012,MYGR,M,ND,juv,20:22,harp trap,No,10.0,43.0,0.23,0,Neg,No,KYFW B11935 red,Neg,0.00,,,,,
44694.018,KY4,8/15/2012,MYGR,M,S,adult,20:23,harp trap,No,9.0,34.0,0.26,0,Neg,No,KYFW B11740 red,Neg,0.00,NG,,,,
44694.019,KY4,8/15/2012,MYGR,M,ND,juv,20:23,harp trap,No,8.0,45.0,0.18,1,Neg,No,KYFW B11803 red,Neg,0.00,,,,,
44694.020,KY4,8/15/2012,PESU,M,S,adult,20:24,harp trap,No,5.0,34.5,0.15,1,Neg,No,KYFW B11856 red,Neg,0.00,,,,,
44694.021,KY4,8/15/2012,MYGR,M,S,adult,20:25,harp trap,No,10.0,44.6,0.22,1,Neg,No,KYFW B11811 red,Neg,0.00,,,,,
44694.022,KY4,8/15/2012,MYGR,M,S,adult,20:26,harp trap,No,10.0,44.4,0.23,1,Neg,Yes,KYFW B11513 red,Neg,0.00,Neg,Neg,0.00,,
44694.023,KY4,8/15/2012,MYGR,M,S,adult,20:28,harp trap,No,9.5,45.0,0.21,1,Neg,Yes,KYFW B11848 red,Neg,0.00,Neg,Neg,0.00,,
44694.024,KY4,8/15/2012,MYGR,M,S,adult,20:32,harp trap,No,10.0,42.7,0.23,1,Neg,No,KYFW B11833 red,Neg,0.00,,,,,
44694.025,KY4,8/15/2012,MYGR,F,NL,adult,20:31,harp trap,No,10.5,43.7,0.24,1,Neg,Yes,KYFW B11937 red,Neg,0.00,Neg,Pos,37.98,,
44694.026,KY4,8/15/2012,MYGR,F,PL,adult,20:34,harp trap,No,9.5,34.8,0.27,1,Neg,Yes,KYFW B11951 red,Neg,0.00,NG,Neg,0.00,,
44694.027,KY4,8/15/2012,MYLU,M,S,adult,20:39,harp trap,No,9.0,42.2,0.21,0,Neg,No,KYFW B11873 red,Neg,0.00,,,,,
44694.028,KY4,8/15/2012,MYLU,F,PL,adult,20:42,harp trap,No,8.0,37.3,0.21,0,Neg,No,KYFW B11578 red,Neg,0.00,,,,,
44694.029,KY4,8/15/2012,MYGR,F,NL,juv,20:43,harp trap,No,11.0,44.2,0.25,1,Neg,Yes,KYFW B11926 red,Neg,0.00,OG,Neg,0.00,,
44694.030,KY4,8/15/2012,MYLU,M,S,adult,20:56,harp trap,No,6.0,36.6,0.16,1,Neg,No,KYFW B11865 red,Neg,0.00,,,,,
44694.031,KY4,8/15/2012,MYGR,F,PL,adult,20:56,harp trap,No,10.0,46.0,0.22,1,Neg,Yes,KYFW B11789 red,Neg,0.00,NG,Neg,0.00,,
44694.032,KY4,8/15/2012,MYGR,M,S,adult,20:46,harp trap,No,11.0,42.9,0.26,1,Neg,No,KYFW B11777 red,Neg,0.00,,,,,
44694.033,KY4,8/15/2012,MYGR,M,S,adult,20:47,harp trap,No,9.0,43.4,0.21,1,Neg,No,KYFW B10542 red,Neg,0.00,,,,,
44694.034,KY4,8/15/2012,MYGR,M,S,adult,20:51,harp trap,No,9.0,43.0,0.21,0,Neg,No,KYFW B11977 red,Neg,0.00,,,,,
44694.035,KY4,8/15/2012,MYLU,F,PL,adult,20:50,harp trap,No,7.0,36.6,0.19,0,Neg,No,KYFW B11936 red,Neg,0.00,,,,,
44694.036,KY4,8/15/2012,MYGR,M,S,adult,20:55,harp trap,No,8.5,42.3,0.20,1,Neg,No,KYFW B11859 red,Neg,0.00,,,,,
44694.037,KY4,8/15/2012,MYLU,F,PL,adult,21:06,harp trap,No,8.0,38.5,0.21,0,Neg,Yes,KYFW B10658 red,Neg,0.00,Pos,Pos,35.03,,
44694.038,KY4,8/15/2012,MYGR,F,PL,adult,21:16,harp trap,No,8.5,43.3,0.20,1,Neg,No,KYFW B11810 red,Neg,0.00,,,,,
44694.039,KY4,8/15/2012,MYGR,F,NL,juv,21:24,harp trap,No,9.5,44.2,0.21,1,Neg,No,KYFW B10513 red,Neg,0.00,,,,,
44694.040,KY4,8/15/2012,MYGR,M,ND,juv,21:24,harp trap,No,8.8,42.9,0.20,1,Neg,No,KYFW B11733 red,Neg,0.00,,,,,
44694.041,KY4,8/15/2012,MYGR,M,ND,juv,20:24,harp trap,No,9.5,42.5,0.22,1,Neg,No,KYFW B11644 red,Neg,0.00,,,,,
44694.042,KY4,8/15/2012,MYGR,M,S,adult,21:04,harp trap,No,9.5,44.0,0.22,1,Neg,No,KYFW B11903 red,Neg,0.00,,,,,
44694.043,KY4,8/15/2012,PESU,M,ND,adult,20:26,harp trap,No,5.5,34.0,0.16,0,Neg,No,KYFW B11970 red,Neg,0.00,,,,,
44694.044,KY4,8/15/2012,PESU,M,S,adult,20:30,harp trap,No,5.8,34.4,0.17,1,Neg,No,KYFW B11967 red,Neg,0.00,,,,,
44694.045,KY4,8/15/2012,MYGR,M,S,adult,20:33,harp trap,No,10.0,43.0,0.23,1,Neg,Yes,KYFW B10652 red,Neg,0.00,OG,Neg,0.00,,
44694.046,KY4,8/15/2012,MYSE,F,NL,adult,20:41,harp trap,No,5.5,36.4,0.15,0,Neg,No,KYFW B11775 red,Neg,0.00,,,,,
44694.047,KY4,8/15/2012,MYLU,M,S,adult,20:44,harp trap,No,5.5,39.6,0.14,1,Neg,No,KYFW B11780 red,Neg,0.00,,,,,
44694.048,KY4,8/15/2012,MYLU,M,S,unk,20:58,harp trap,No,6.5,37.0,0.18,0,Neg,No,KYFW B11767 red,Neg,0.00,,,,,
44694.049,KY4,8/15/2012,MYGR,F,PL,adult,21:01,harp trap,No,10.0,43.0,0.23,0,Neg,No,KYFW B11737 red,Neg,0.00,,,,,
44694.050,KY4,8/15/2012,MYGR,F,NL,adult,20:48,harp trap,No,10.0,43.3,0.23,1,Neg,Yes,KYFW B11727 red,Neg,0.00,NG,Neg,0.00,,
44694.051,KY4,8/15/2012,MYGR,M,ND,adult,20:52,harp trap,No,9.0,43.7,0.21,1,Neg,No,KYFW B11950 red,Neg,0.00,,,,,
44694.052,KY4,8/15/2012,MYGR,F,PL,adult,21:01,harp trap,No,9.5,44.0,0.22,1,Neg,No,KYFW B11911 red,Neg,0.00,,,,,
44694.053,KY4,8/15/2012,MYGR,M,ND,adult,21:09,harp trap,No,9.0,43.5,0.21,1,Neg,No,KYFW B11730 red,Neg,0.00,,,,,
44694.054,KY4,8/15/2012,MYGR,F,NL,adult,21:18,harp trap,No,10.0,43.9,0.23,2,Neg,Yes,KYFW B11713 red,Neg,0.00,NG,Neg,0.00,,
44694.055,KY4,8/15/2012,MYGR,F,NL,juv,21:31,harp trap,No,9.5,43.6,0.22,0,Neg,No,KYFW B11662 red,Neg,0.00,,,,,
44694.056,KY4,8/15/2012,MYGR,M,S,adult,21:34,harp trap,No,10.5,44.0,0.24,1,Neg,No,KYFW B11853 red,Neg,0.00,,,,,
44694.057,KY4,8/15/2012,MYGR,M,ND,juv,21:39,harp trap,No,8.5,40.8,0.21,1,Neg,No,KYFW B10541 red,Neg,0.00,,,,,
44694.058,KY4,8/15/2012,MYGR,M,ND,adult,21:45,harp trap,No,8.5,43.3,0.20,1,Neg,No,KYFW B11948 red,Neg,0.00,,,,,
44694.059,KY4,8/15/2012,MYGR,M,ND,juv,22:36,harp trap,No,8.3,41.8,0.20,0,Neg,No,KYFW B11899 red,Neg,0.00,,,,,
44694.060,KY4,8/15/2012,MYGR,F,NL,juv,22:33,harp trap,No,10.3,43.4,0.24,0,Neg,No,KYFW B10556 red,Neg,0.00,,,,,
44694.061,KY4,8/15/2012,MYGR,M,ND,juv,22:25,harp trap,No,8.5,40.8,0.21,1,Neg,No,KYFW B11832 red,Neg,0.00,,,,,
44694.062,KY4,8/15/2012,MYGR,M,ND,adult,22:22,harp trap,No,9.0,40.7,0.22,0,Neg,No,KYFW B11590 red,Neg,0.00,,,,,
44694.063,KY4,8/15/2012,MYGR,M,S,adult,22:12,harp trap,No,10.3,42.2,0.24,0,Neg,No,KYFW B11543 red,Neg,0.00,,,,,
44694.064,KY4,8/15/2012,MYGR,F,NL,juv,22:09,harp trap,No,8.8,41.6,0.21,1,Neg,No,KYFW B11806 red,Neg,0.00,,,,,
44694.065,KY4,8/15/2012,MYGR,M,ND,juv,22:02,harp trap,No,9.5,44.4,0.21,0,Neg,Yes,KYFW B11556 red,Neg,0.00,Neg,,,,
44694.066,KY4,8/15/2012,MYGR,F,NL,adult,21:53,harp trap,No,9.0,44.3,0.20,1,Neg,Yes,KYFW B11920 red,Neg,0.00,NG,Neg,0.00,,
44694.067,KY4,8/15/2012,MYGR,M,ND,juv,21:49,harp trap,No,9.0,42.1,0.21,0,Neg,No,KYFW B11645 red,Neg,0.00,,,,,
44694.068,KY4,8/15/2012,MYGR,M,ND,juv,21:30,harp trap,No,9.3,41.6,0.22,0,Neg,No,KYFW B11979 red,Neg,0.00,,,,,
44694.069,KY4,8/15/2012,MYGR,M,ND,juv,21:36,harp trap,No,8.8,43.6,0.20,1,Neg,Yes,KYFW B11624 red,Neg,0.00,NG,Neg,0.00,,
44694.070,KY4,8/15/2012,MYGR,M,ND,juv,21:43,harp trap,No,9.5,43.4,0.22,1,Neg,No,KYFW B11697 red,Neg,0.00,,,,,
44694.071,KY4,8/15/2012,MYGR,M,ND,juv,21:46,harp trap,No,8.5,42.9,0.20,0,Neg,No,KYFW B11608 red,Neg,0.00,,,,,
44694.072,KY4,8/15/2012,MYGR,F,PL,adult,21:49,harp trap,No,10.0,44.8,0.22,1,Neg,Yes,KYFW B11626 red,Neg,0.00,NG,Neg,0.00,,
44694.073,KY4,8/15/2012,MYGR,F,NL,juv,21:53,harp trap,No,9.3,44.2,0.21,0,Neg,No,KYFW B11972 red,Neg,0.00,,,,,
44694.074,KY4,8/15/2012,MYGR,M,ND,juv,21:57,harp trap,No,9.0,42.3,0.21,1,Neg,No,KYFW B11536 red,Neg,0.00,,,,,
44694.075,KY4,8/15/2012,MYGR,F,NL,juv,22:05,harp trap,No,9.5,44.4,0.21,1,Neg,No,KYFW B11887 red,Neg,0.00,,,,,
44694.076,KY4,8/15/2012,MYGR,F,PL,adult,22:08,harp trap,No,10.3,46.2,0.22,1,Neg,No,KYFW B11969 red,Neg,0.00,,,,,
44694.077,KY4,8/15/2012,MYGR,M,ND,juv,22:11,harp trap,No,10.5,42.2,0.25,1,Neg,No,KYFW B11988 red,Neg,0.00,,,,,
44694.078,KY4,8/15/2012,MYGR,M,ND,juv,22:18,harp trap,No,9.5,44.0,0.22,1,Neg,Yes,KYFW B11533 red,Neg,0.00,Neg,Neg,0.00,,
44694.079,KY4,8/15/2012,MYGR,M,ND,juv,22:24,harp trap,No,8.5,40.8,0.21,1,Neg,Yes,KYFW B11961 red,Neg,0.00,,Neg,0.00,,
44694.080,KY4,8/15/2012,MYGR,M,ND,juv,22:28,harp trap,No,9.0,43.3,0.21,1,Neg,No,KYFW B11849 red,Neg,0.00,,,,,
44694.081,KY4,8/15/2012,MYLU,F,NL,adult,20:25,harp trap,No,7.0,36.5,0.19,0,Neg,No,KYFW B11901 red,Neg,0.00,,,,,
44694.082,KY4,8/15/2012,MYGR,F,NL,adult,20:28,harp trap,No,9.5,43.8,0.22,1,Neg,No,KYFW B10544 red,Neg,0.00,,,,,
44694.083,KY4,8/15/2012,MYGR,M,ND,adult,20:30,harp trap,No,9.5,42.4,0.22,1,Neg,No,KYFW B11807 red,Neg,0.00,,,,,
44694.084,KY4,8/15/2012,MYLU,M,S,adult,20:29,harp trap,No,7.0,32.4,0.22,1,Neg,Yes,KYFW B11955 red,Neg,0.00,Neg,Neg,0.00,,
44694.085,KY4,8/15/2012,MYGR,M,S,adult,21:02,harp trap,No,10.5,44.0,0.24,1,Neg,No,KYFW B10546 red,Neg,0.00,,,,,
44694.086,KY4,8/15/2012,MYLU,M,ND,adult,20:39,harp trap,No,7.0,35.1,0.20,1,Neg,Yes,KYFW B11595 red,Neg,0.00,NG,Neg,0.00,,
44694.087,KY4,8/15/2012,MYGR,F,PL,adult,20:39,harp trap,No,9.5,44.7,0.21,0,Neg,Yes,KYFW B11990 red,Neg,0.00,NG,Neg,0.00,,
44694.088,KY4,8/15/2012,MYLU,M,S,adult,20:42,harp trap,No,8.0,38.6,0.21,1,Neg,Yes,KYFW B11883 red,Neg,0.00,OG,Neg,0.00,,
44694.089,KY4,8/15/2012,MYGR,F,NR,adult,20:45,harp trap,No,9.5,42.8,0.22,1,Neg,No,KYFW B11558 red,Neg,0.00,,,,,
44694.090,KY4,8/15/2012,MYGR,M,ND,adult,20:46,harp trap,No,10.2,42.9,0.24,1,Neg,Yes,KYFW B11668 red,Neg,0.00,,Neg,0.00,,
44694.091,KY4,8/15/2012,MYGR,F,PL,adult,20:59,harp trap,No,10.3,45.0,0.23,1,Neg,No,KYFW B11983 red,Neg,0.00,,,,,
44694.092,KY4,8/15/2012,MYGR,M,ND,adult,20:46,harp trap,No,9.5,44.5,0.21,0,Neg,Yes,KYFW B11596 red,Neg,0.00,OG,Neg,0.00,,
44694.093,KY4,8/15/2012,MYLU,M,S,adult,20:49,harp trap,No,6.0,37.6,0.16,1,Neg,Yes,KYFW B11577 red,Neg,0.00,,Neg,0.00,,
44694.094,KY4,8/15/2012,MYGR,M,ND,juv,20:51,harp trap,No,9.5,42.8,0.22,0,Neg,No,KYFW B11981 red,Neg,0.00,,,,,
44694.095,KY4,8/15/2012,MYGR,M,S,adult,20:54,harp trap,No,9.5,44.0,0.22,1,Neg,Yes,KYFW B11781 red,Neg,0.00,,Neg,0.00,,
44694.096,KY4,8/15/2012,MYLU,F,NL,adult,21:12,harp trap,No,6.5,37.2,0.17,0,Neg,No,KYFW B11829 red,Neg,0.00,,,,,
44694.097,KY4,8/15/2012,MYGR,M,S,adult,21:16,harp trap,No,10.0,44.0,0.23,1,Neg,No,KYFW B11718 red,Neg,0.00,,,,,
44694.098,KY4,8/15/2012,MYGR,F,NL,adult,21:18,harp trap,No,9.5,44.0,0.22,1,Neg,No,KYFW B11923 red,Neg,0.00,,,,,
44694.099,KY4,8/15/2012,MYGR,F,NL,adult,21:25,harp trap,No,9.5,42.9,0.22,1,Neg,Yes,KYFW B11646 red,Neg,0.00,,Neg,0.00,,
44694.100,KY4,8/15/2012,MYGR,M,S,adult,21:36,harp trap,No,10.0,46.3,0.22,1,Neg,No,KYFW B11934 red,Neg,0.00,,,,,
44694.101,KY4,8/15/2012,MYGR,M,ND,adult,21:43,harp trap,No,9.5,43.5,0.22,1,Neg,No,KYFW B11549 red,Neg,0.00,,,,,
44694.102,KY4,8/15/2012,MYLU,M,ND,adult,22:54,harp trap,No,6.3,35.6,0.18,1,Neg,No,KYFW B11871 red,Neg,0.00,,,,,
44694.103,KY4,8/15/2012,MYGR,F,NL,adult,21:54,harp trap,No,10.5,46.2,0.23,1,Neg,No,KYFW B11906 red,Neg,0.00,,,,,
44694.104,KY4,8/15/2012,MYGR,F,NL,juv,21:55,harp trap,No,9.3,42.3,0.22,1,Neg,No,KYFW B11565 red,Neg,0.00,,,,,
44694.105,KY4,8/15/2012,MYGR,M,ND,juv,22:07,harp trap,No,9.0,45.2,0.20,1,Neg,No,KYFW B11694 red,Neg,0.00,,,,,
44694.106,KY4,8/15/2012,MYGR,F,NL,adult,22:12,harp trap,No,9.8,42.1,0.23,1,Neg,No,KYFW B11852 red,Neg,0.00,,,,,
44694.107,KY4,8/15/2012,MYGR,M,ND,adult,22:16,harp trap,No,10.0,43.5,0.23,0,Neg,No,KYFW B11614 red,Neg,0.00,,,,,
44694.108,KY4,8/15/2012,MYGR,F,NL,juv,22:22,harp trap,No,9.8,43.9,0.22,1,Neg,No,KYFW B11973 red,Neg,0.00,,,,,
44694.109,KY4,8/15/2012,MYGR,F,NL,juv,22:25,harp trap,No,9.3,43.4,0.21,0,Neg,No,KYFW B11962 red,Neg,0.00,,,,,
44694.110,KY4,8/15/2012,MYGR,F,NL,juv,22:28,harp trap,No,9.8,43.9,0.22,1,Neg,Yes,KYFW B11815 red,Neg,0.00,,Neg,0.00,,
44694.111,KY4,8/15/2012,MYGR,F,NL,adult,22:31,harp trap,No,9.5,43.1,0.22,1,Neg,Yes,KYFW B11844 red,Neg,0.00,,Neg,0.00,,
44694.112,KY4,8/15/2012,MYGR,M,ND,juv,22:34,harp trap,No,9.5,45.4,0.21,1,Neg,Yes,KYFW B11636 red,Neg,0.00,,Neg,0.00,,
44694.113,KY4,8/15/2012,MYGR,M,ND,adult,22:38,harp trap,No,9.0,42.7,0.21,1,Neg,No,KYFW B11982 red,Neg,0.00,,,,,
44694.114,KY4,8/15/2012,MYGR,F,PL,adult,22:30,harp trap,No,12.3,43.1,0.28,1,Neg,No,KYFW B11570 red,Neg,0.00,,,,,
44694.115,KY4,8/15/2012,MYGR,F,NL,juv,22:34,harp trap,No,8.3,43.2,0.19,0,Neg,Yes,KYFW B11517 RED,Neg,0.00,,Neg,0.00,,
44695.001,KY1,8/21/2012,PESU,F,NL,adult,19:25,harp trap,No,4.0,33.7,0.12,0,Neg,No,,Neg,0.00,,,,,
44695.002,KY1,8/21/2012,PESU,M,S,juv,19:30,harp trap,No,5.1,32.0,0.16,0,Neg,No,,Neg,0.00,,,,,
44695.003,KY1,8/21/2012,PESU,M,S,adult,19:32,harp trap,No,5.0,34.4,0.14,0,Neg,No,,Neg,0.00,,,,,
44695.004,KY1,8/21/2012,PESU,M,ND,juv,19:34,harp trap,No,5.3,33.8,0.16,1,Neg,No,,Neg,0.00,,,,,
44695.005,KY1,8/21/2012,MYSE,F,NL,adult,19:37,harp trap,No,5.8,38.6,0.15,1,Neg,Yes,KYFW A15452 silver,Neg,0.00,,,,,
44695.006,KY1,8/21/2012,MYSE,F,NL,adult,19:38,harp trap,No,6.2,37.9,0.16,0,Neg,No,KYFW A15453 silver,Neg,0.00,,,,,
44695.007,KY1,8/21/2012,PESU,M,S,adult,19:39,harp trap,No,4.3,33.7,0.13,0,Neg,No,,Neg,0.00,,,,,
44695.008,KY1,8/21/2012,PESU,M,ND,adult,19:45,harp trap,No,4.4,30.5,0.14,0,Neg,No,,Neg,0.00,,,,,
44695.009,KY1,8/21/2012,PESU,M,S,adult,19:42,harp trap,No,5.3,35.6,0.15,1,Neg,No,,Neg,0.00,,,,,
44695.010,KY1,8/21/2012,MYLU,M,S,adult,19:43,harp trap,No,6.5,38.4,0.17,0,Neg,No,KYFW A15454 silver,Neg,0.00,,,,,
44695.011,KY1,8/21/2012,PESU,M,ND,adult,19:45,harp trap,No,4.7,32.6,0.15,0,Neg,No,,Neg,0.00,,,,,
44695.012,KY1,8/21/2012,PESU,M,S,unk,19:46,harp trap,No,5.4,34.8,0.16,1,Neg,No,,Neg,0.00,,,,,
44695.013,KY1,8/21/2012,PESU,M,S,adult,19:48,harp trap,No,5.5,33.8,0.16,1,Neg,No,,Neg,0.00,,,,,
44695.014,KY1,8/21/2012,PESU,M,S,adult,19:49,harp trap,No,4.4,34.4,0.13,0,Neg,No,,Neg,0.00,,,,,
44695.015,KY1,8/21/2012,PESU,M,ND,adult,19:49,harp trap,No,5.1,34.5,0.15,0,Neg,No,,Neg,0.00,,,,,
44695.016,KY1,8/21/2012,PESU,F,NL,adult,19:50,harp trap,No,4.7,36.5,0.13,0,Neg,No,,Neg,0.00,,,,,
44695.017,KY1,8/21/2012,PESU,M,ND,juv,19:51,harp trap,No,4.3,31.5,0.14,1,Neg,No,,Neg,0.00,,,,,
44695.018,KY1,8/21/2012,PESU,M,S,adult,19:51,harp trap,No,5.1,35.3,0.14,NR,Neg,No,,Neg,0.00,,,,,
44695.019,KY1,8/21/2012,PESU,M,ND,juv,19:51,harp trap,No,4.6,38.4,0.12,1,Neg,No,,Neg,0.00,,,,,
44695.020,KY1,8/21/2012,PESU,M,S,adult,19:52,harp trap,No,4.9,35.4,0.14,0,Neg,No,,Neg,0.00,,,,,
44695.021,KY1,8/21/2012,PESU,F,NL,adult,19:53,harp trap,No,4.6,35.2,0.13,2,Neg,No,,Neg,0.00,,,,,
44695.022,KY1,8/21/2012,PESU,M,ND,adult,19:53,harp trap,No,5.0,32.9,0.15,0,Neg,No,,Neg,0.00,,,,,
44695.023,KY1,8/21/2012,PESU,M,ND,adult,19:54,harp trap,No,5.4,33.8,0.16,1,Neg,No,,Neg,0.00,,,,,
44695.024,KY1,8/21/2012,PESU,M,S,adult,19:55,harp trap,No,4.6,35.8,0.13,1,Neg,No,,Neg,0.00,,,,,
44695.025,KY1,8/21/2012,PESU,M,S,adult,19:55,harp trap,No,4.9,33.4,0.15,1,Neg,No,,Neg,0.00,,,,,
44695.026,KY1,8/21/2012,MYSE,F,NL,adult,19:57,harp trap,No,5.9,37.2,0.16,1,Neg,No,KYFW A15455 silver,Neg,0.00,,,,,
44695.027,KY1,8/21/2012,PESU,F,NL,adult,19:58,harp trap,No,4.9,34.6,0.14,0,Neg,No,,Neg,0.00,,,,,
44695.028,KY1,8/21/2012,PESU,M,ND,juv,19:58,harp trap,No,5.1,34.6,0.15,1,Neg,No,,Neg,0.00,,,,,
44695.029,KY1,8/21/2012,PESU,M,ND,adult,20:00,harp trap,No,5.3,36.4,0.15,0,Neg,No,,Neg,0.00,,,,,
44695.030,KY1,8/21/2012,PESU,M,S,adult,20:00,harp trap,No,6.1,33.2,0.18,0,Neg,No,,Neg,0.00,,,,,
44695.031,KY1,8/21/2012,PESU,F,NL,adult,20:01,harp trap,No,4.7,34.4,0.14,1,Neg,No,,Neg,0.00,,,,,
44695.032,KY1,8/21/2012,PESU,M,S,adult,20:01,harp trap,No,5.3,33.0,0.16,0,Neg,No,,Neg,0.00,,,,,
44695.033,KY1,8/21/2012,MYLU,M,S,adult,20:02,harp trap,No,6.8,38.3,0.18,0,Neg,Yes,KYFW A15456 silver,Neg,0.00,,,,,
44695.034,KY1,8/21/2012,PESU,M,ND,juv,20:02,harp trap,No,4.8,33.9,0.14,0,Neg,No,,Neg,0.00,,,,,
44695.035,KY1,8/21/2012,MYLU,M,S,adult,20:03,harp trap,No,6.4,37.4,0.17,0,Neg,No,KYFW A12698 silver,Neg,0.00,,,,,
44695.036,KY1,8/21/2012,MYLU,M,ND,adult,20:04,harp trap,No,6.4,39.2,0.16,1,Neg,No,KYFW A15457 silver,Neg,0.00,,,,,
44695.037,KY1,8/21/2012,MYSE,M,S,adult,20:05,harp trap,No,5.8,37.5,0.15,0,Neg,No,KYFW A15458 silver,Neg,0.00,,,,,
44695.038,KY1,8/21/2012,PESU,M,NR,adult,20:05,harp trap,No,4.9,33.7,0.15,1,Neg,No,,Neg,0.00,,,,,
44695.039,KY1,8/21/2012,PESU,M,S,adult,20:06,harp trap,No,5.0,33.3,0.15,0,Neg,No,,Neg,0.00,,,,,
44695.040,KY1,8/21/2012,PESU,M,ND,adult,20:07,harp trap,No,4.6,34.4,0.13,1,Neg,Yes,,Neg,0.00,,,,,
44695.041,KY1,8/21/2012,MYSE,M,S,adult,20:08,harp trap,No,5.2,35.1,0.15,0,Neg,No,KYFW A15460 silver,Neg,0.00,,,,,
44695.042,KY1,8/21/2012,PESU,M,S,adult,20:11,harp trap,No,4.3,32.5,0.13,1,Neg,No,,Neg,0.00,,,,,
44695.043,KY1,8/21/2012,PESU,F,NL,juv,20:13,harp trap,No,4.7,32.1,0.15,0,Neg,No,,Neg,0.00,,,,,
44695.044,KY1,8/21/2012,PESU,M,ND,juv,20:16,harp trap,No,5.1,32.4,0.16,1,Neg,No,,Neg,0.00,,,,,
44695.045,KY1,8/21/2012,PESU,M,S,adult,20:17,harp trap,No,4.7,33.8,0.14,0,Neg,No,,Neg,0.00,,,,,
44695.046,KY1,8/21/2012,MYSE,M,S,adult,20:19,harp trap,No,7.2,39.6,0.18,0,Neg,No,KYFW A15461 silver,Neg,0.00,,,,,
44695.047,KY1,8/21/2012,PESU,F,NL,adult,20:20,harp trap,No,5.6,34.5,0.16,0,Neg,No,,Neg,0.00,,,,,
44695.048,KY1,8/21/2012,PESU,M,ND,juv,20:21,harp trap,No,5.3,34.0,0.16,0,Neg,No,,Neg,0.00,,,,,
44695.049,KY1,8/21/2012,MYLU,F,NL,juv,20:22,harp trap,No,6.3,38.2,0.17,0,Neg,No,KYFW A15462 silver,Neg,0.00,,,,,
44695.050,KY1,8/21/2012,PESU,M,S,adult,20:22,harp trap,No,5.4,34.6,0.15,0,Neg,No,,Neg,0.00,,,,,
44695.051,KY1,8/21/2012,PESU,F,NL,juv,20:23,harp trap,No,5.0,33.5,0.15,1,Neg,No,,Neg,0.00,,,,,
44695.052,KY1,8/21/2012,PESU,M,S,adult,20:23,harp trap,No,4.5,34.7,0.13,0,Neg,Yes,,Neg,0.00,,,,,
44695.053,KY1,8/21/2012,MYSE,M,S,adult,20:25,harp trap,No,5.2,35.1,0.15,0,Neg,No,KYFW A15463 silver,Neg,0.00,,,,,
44695.054,KY1,8/21/2012,PESU,M,ND,adult,20:25,harp trap,No,4.8,32.4,0.15,0,Neg,No,,Neg,0.00,,,,,
44695.055,KY1,8/21/2012,MYSE,M,S,adult,20:29,harp trap,No,5.5,36.4,0.15,0,Neg,No,KYFW A15464 silver,Neg,0.00,,,,,
44695.056,KY1,8/21/2012,MYSE,M,ND,adult,20:27,harp trap,No,5.3,34.8,0.15,0,Neg,No,KYFW A15465 silver,Neg,0.00,,,,,
44695.057,KY1,8/21/2012,PESU,M,ND,adult,20:29,harp trap,No,4.8,32.3,0.15,0,Neg,No,,Neg,0.00,,,,,
44695.058,KY1,8/21/2012,PESU,M,ND,adult,20:30,harp trap,No,5.3,33.7,0.16,1,Neg,No,,Neg,0.00,,,,,
44695.059,KY1,8/21/2012,PESU,M,S,adult,20:31,harp trap,No,5.1,35.8,0.14,0,Neg,No,,Neg,0.00,,,,,
44695.060,KY1,8/21/2012,MYLU,F,NL,adult,20:32,harp trap,No,6.6,38.8,0.17,0,Neg,No,KYFW A15466 silver,Neg,0.00,,,,,
44695.061,KY1,8/21/2012,MYSE,M,ND,adult,20:33,harp trap,No,5.3,32.9,0.16,0,Neg,No,KYFW A15467 silver,Neg,0.00,,,,,
44695.062,KY1,8/21/2012,PESU,M,S,adult,20:45,harp trap,No,5.1,34.1,0.15,0,Neg,No,,Neg,0.00,,,,,
44695.063,KY1,8/21/2012,MYSE,M,ND,adult,20:45,harp trap,No,5.5,36.6,0.15,0,Neg,No,KYFW A15468 silver,Neg,0.00,,,,,
44695.064,KY1,8/21/2012,PESU,M,S,adult,20:56,harp trap,No,5.0,34.9,0.14,1,Neg,No,,Neg,0.00,,,,,
44695.065,KY1,8/21/2012,PESU,M,S,adult,20:56,harp trap,No,5.6,35.4,0.16,0,Neg,No,,Neg,0.00,,,,,
44695.066,KY1,8/21/2012,MYLU,M,S,adult,20:57,harp trap,No,6.5,39.1,0.17,1,Neg,Yes,KYFW A15469 silver,Neg,0.00,,,,,
44695.067,KY1,8/21/2012,PESU,M,S,adult,20:57,harp trap,No,4.6,32.5,0.14,1,Neg,No,,Neg,0.00,,,,,
44695.068,KY1,8/21/2012,PESU,M,S,adult,21:03,harp trap,No,4.7,33.3,0.14,1,Neg,No,,Neg,0.00,,,,,
44695.069,KY1,8/21/2012,MYLU,M,S,juv,21:03,harp trap,No,7.1,37.9,0.19,0,Neg,No,KYFW A15470 silver,Neg,0.00,,,,,
44695.070,KY1,8/21/2012,PESU,M,ND,adult,21:04,harp trap,No,4.6,35.0,0.13,1,Neg,No,,Neg,0.00,,,,,
44695.071,KY1,8/21/2012,PESU,M,ND,juv,21:10,harp trap,No,5.1,35.0,0.15,0,Neg,No,,Neg,0.00,,,,,
44695.072,KY1,8/21/2012,PESU,M,S,adult,21:13,harp trap,No,4.7,32.5,0.14,0,Neg,No,,Neg,0.00,,,,,
44695.073,KY1,8/21/2012,PESU,M,S,adult,21:13,harp trap,No,4.9,32.3,0.15,0,Neg,No,,Neg,0.00,,,,,
44695.074,KY1,8/21/2012,PESU,F,NL,juv,21:39,harp trap,No,4.7,33.4,0.14,1,Neg,No,,Neg,0.00,,,,,
44695.075,KY1,8/21/2012,PESU,F,NL,juv,21:40,harp trap,No,5.9,34.3,0.17,1,Neg,No,,Neg,0.00,,,,,
44695.076,KY1,8/21/2012,PESU,M,S,adult,21:42,harp trap,No,5.0,35.4,0.14,0,Neg,No,,Neg,0.00,,,,,
44695.077,KY1,8/21/2012,MYLU,M,S,adult,22:05,harp trap,No,6.8,36.3,0.19,0,Neg,No,KYFW A15471 silver,Neg,0.00,,,,,
44695.078,KY1,8/21/2012,MYSE,M,S,adult,22:10,harp trap,No,5.7,35.0,0.16,0,Neg,No,KYFW A15472 silver,Neg,0.00,,,,,
44695.079,KY1,8/21/2012,PESU,M,ND,adult,22:15,harp trap,No,5.1,35.0,0.15,0,Neg,No,,Neg,0.00,,,,,
44695.080,KY1,8/21/2012,MYLU,M,S,adult,22:20,harp trap,No,7.4,36.3,0.20,0,Neg,No,KYFW B08219 silver),Neg,0.00,,,,,
44695.081,KY1,8/21/2012,PESU,M,ND,adult,22:47,harp trap,No,5.6,34.4,0.16,0,Neg,No,,Neg,0.00,,,,,
44695.082,KY1,8/21/2012,PESU,M,S,adult,22:47,harp trap,No,5.8,33.6,0.17,1,Neg,No,,Neg,0.00,,,,,
44695.083,KY1,8/22/2012,PESU,M,S,adult,11:04,hand,No,5.2,33.5,0.16,1,Neg,No,,Neg,0.00,,,,,
44695.084,KY1,8/22/2012,PESU,M,ND,juv,11:04,hand,No,4.8,34.0,0.14,1,Neg,No,,Neg,0.00,,,,,
44695.085,KY1,8/22/2012,PESU,M,S,adult,11:04,hand,No,5.2,33.5,0.16,0,Neg,No,,Neg,0.00,,,,,
44695.086,KY1,8/22/2012,PESU,F,NL,juv,11:05,hand,No,4.9,34.0,0.14,1,Neg,No,,Neg,0.00,,,,,
44695.087,KY1,8/22/2012,PESU,F,NL,juv,11:05,hand,No,4.7,32.5,0.14,0,Neg,No,,Neg,0.00,,,,,
44695.088,KY1,8/22/2012,PESU,F,PL,adult,11:08,hand,No,5.1,33.0,0.15,1,Neg,No,,Neg,0.00,,,,,
44695.089,KY1,8/22/2012,PESU,M,S,adult,11:08,hand,No,4.4,33.0,0.13,1,Neg,No,,Neg,0.00,,,,,
44695.090,KY1,8/22/2012,PESU,M,S,adult,12:15,hand,No,4.8,33.5,0.14,1,Neg,No,,Neg,0.00,,,,,
44695.091,KY1,8/22/2012,MYSE,M,S,adult,12:40,hand,No,5.1,34.5,0.15,0,Neg,No,,Neg,0.00,,,,,
44695.092,KY1,8/22/2012,PESU,M,S,adult,12:44,hand,No,5.4,34.0,0.16,0,Neg,No,,Neg,0.00,,,,,
44695.093,KY1,8/22/2012,MYLU,M,S,adult,12:51,hand,No,8.8,36.0,0.24,0,Neg,Yes,,Neg,0.00,,,,,
44695.094,KY1,8/22/2012,MYLU,M,S,adult,13:10,hand,No,6.2,37.0,0.17,0,Neg,Yes,,Neg,0.00,,Neg,0.00,,
44695.095,KY1,8/22/2012,PESU,M,S,adult,13:14,hand,No,4.8,34.0,0.14,1,Neg,No,,Neg,0.00,,Neg,0.00,,
44695.096,KY1,8/22/2012,PESU,M,ND,juv,13:20,hand,No,4.9,32.5,0.15,0,Neg,No,,Pos,39.48,Neg,,,,
44695.097,KY1,8/22/2012,PESU,M,S,adult,13:56,hand,No,5.2,32.5,0.16,0,Neg,No,,Neg,0.00,,,,,
44695.098,KY1,8/22/2012,PESU,M,S,adult,14:06,hand,No,5.0,33.5,0.15,1,Neg,No,,Neg,0.00,,,,,
44696.001,TN1,8/6/2012,MYLU,M,S,adult,20:15,mist net,No,6.2,35.8,0.17,1,Neg,No,TWRA 01658 silver,Neg,0.00,,,,,
44696.002,TN1,8/6/2012,PESU,F,NL,adult,20:31,mist net,No,5.1,33.7,0.15,0,Neg,No,TWRA 01659 silver,Neg,0.00,,,,,
44696.003,TN1,8/6/2012,EPFU,M,S,adult,20:46,mist net,No,17.1,49.7,0.34,2,Neg,No,,Neg,0.00,,,,,
44696.004,TN1,8/6/2012,MYLU,F,NL,adult,20:46,mist net,No,6.3,36.0,0.18,0,Neg,No,TWRA 01660 silver,Neg,0.00,,,,,
44696.005,TN1,8/6/2012,PESU,F,PL,adult,21:00,mist net,No,5.8,35.6,0.16,1,Neg,Yes,TWRA 01661 silver,Neg,0.00,,Neg,0.00,,
44696.006,TN1,8/6/2012,MYLU,M,S,adult,21:56,mist net,No,7.6,38.6,0.20,1,Neg,Yes,TWRA 01662 silver,Neg,0.00,,Neg,0.00,,
44696.007,TN1,8/6/2012,PESU,F,PL,adult,22:56,mist net,No,6.7,34.0,0.20,1,Neg,No,TWRA 01664 silver,Neg,0.00,,,,,
44696.008,TN1,8/6/2012,MYLU,M,ND,juv,23:22,mist net,No,4.9,33.3,0.15,0,Neg,No,,Neg,0.00,,,,,
44696.009,TN1,8/6/2012,PESU,M,S,adult,23:35,mist net,No,5.3,34.2,0.16,0,Neg,No,TWRA 01667 silver,Neg,0.00,,,,,
44696.010,TN1,8/6/2012,PESU,M,S,adult,23:48,mist net,No,6.2,35.3,0.18,0,Neg,Yes,TWRA 01668 silver,Neg,0.00,,Neg,0.00,,
44696.011,TN1,8/6/2012,PESU,M,S,adult,23:51,mist net,No,5.8,33.4,0.17,1,Neg,No,TWRA 01670 silver,Neg,0.00,,,,,
44696.012,TN1,8/7/2012,PESU,M,S,juv,0:05,mist net,No,5.1,33.5,0.15,1,Neg,Yes,,Neg,0.00,,Neg,0.00,,
44696.013,TN1,8/7/2012,MYLU,M,S,adult,0:23,mist net,No,7.7,36.4,0.21,0,Neg,Yes,TWRA 01671 silver,Neg,0.00,,Neg,0.00,,
44696.014,TN1,8/7/2012,MYLU,M,S,adult,19:51,mist net,No,6.1,36.2,0.17,0,Neg,No,TWRA 01672 silver,Neg,0.00,,,,,
44696.015,TN1,8/7/2012,PESU,M,S,adult,20:02,mist net,No,5.1,34.7,0.15,0,Neg,No,TWRA 01674 silver,Neg,0.00,,,,,
44696.016,TN1,8/7/2012,PESU,M,S,adult,20:17,mist net,No,4.9,36.0,0.14,1,Neg,No,TWRA 01675 silver,Neg,0.00,,,,,
44696.017,TN1,8/7/2012,PESU,M,S,adult,20:21,mist net,No,5.3,32.2,0.16,1,Neg,No,TWRA 01675 silver,Neg,0.00,,,,,
44696.018,TN1,8/7/2012,EPFU,F,NL,juv,20:39,mist net,No,18.0,49.2,0.37,1,Neg,Yes,,Neg,0.00,,Neg,0.00,,
44696.019,TN1,8/7/2012,PESU,M,S,adult,21:22,mist net,No,5.3,34.6,0.15,1,Neg,No,TWRA 01679 silver,Neg,0.00,,,,,
44696.020,TN1,8/7/2012,MYLU,M,S,juv,21:50,mist net,No,5.3,34.0,0.16,0,Neg,No,,Neg,0.00,,,,,
44696.021,TN1,8/7/2012,PESU,M,S,juv,22:02,mist net,No,5.3,33.9,0.16,0,Neg,No,,Neg,0.00,,,,,
44696.022,TN1,8/7/2012,EPFU,F,PL,adult,22:10,mist net,No,16.8,48.5,0.35,1,Neg,No,,Neg,0.00,,,,,
44696.023,TN1,8/7/2012,EPFU,M,S,adult,22:18,mist net,No,20.5,48.0,0.43,1,Neg,No,,Neg,0.00,,,,,
44696.024,TN1,8/7/2012,MYSE,M,S,adult,22:36,mist net,No,5.9,35.0,0.17,0,Neg,No,TWRA 01681 silver,Neg,0.00,,,,,
44696.025,TN1,8/7/2012,MYLU,F,PL,adult,22:48,mist net,No,5.6,32.8,0.17,1,Neg,No,TWRA 01684 silver,Neg,0.00,,,,,
44696.026,TN1,8/7/2012,MYLU,M,S,adult,23:35,mist net,No,6.8,36.9,0.18,0,Neg,No,TWRA 01686 silver,Neg,0.00,,,,,
44696.027,TN1,8/7/2012,PESU,M,S,juv,23:54,mist net,No,5.5,35.3,0.16,1,Neg,No,,Neg,0.00,,,,,
44696.028,TN1,8/8/2012,PESU,M,S,adult,0:09,mist net,No,5.0,33.3,0.15,0,Neg,No,TWRA 01690 silver,Neg,0.00,,,,,
44696.029,TN1,8/8/2012,PESU,M,ND,juv,0:17,mist net,No,5.8,32.2,0.18,1,Neg,No,,Neg,0.00,,,,,
44696.030,TN1,8/8/2012,PESU,F,NL,juv,0:25,mist net,No,5.3,33.1,0.16,0,Neg,No,,Neg,0.00,,,,,
44696.031,TN1,8/14/2012,MYLU,F,NL,adult,19:43,mist net,No,7.5,36.5,0.21,0,Neg,No,TWRA 01692 silver,Neg,0.00,,,,,
44696.032,TN1,8/14/2012,PESU,F,NL,juv,20:10,mist net,No,4.8,33.8,0.14,1,Neg,No,,Neg,0.00,,,,,
44696.033,TN1,8/14/2012,MYSE,F,NL,unk,20:18,mist net,No,6.5,38.9,0.17,0,Neg,No,,Neg,0.00,,,,,
44696.034,TN1,8/14/2012,MYLU,M,S,juv,19:50,mist net,No,6.2,37.0,0.17,NR,Neg,Yes,,Neg,0.00,,Neg,0.00,,
44696.035,TN1,8/14/2012,MYLU,M,S,adult,21:10,mist net,No,6.3,36.6,0.17,0,Neg,Yes,TWRA 01694 silver,Neg,0.00,,Pos,37.59,,
44696.036,TN1,8/14/2012,PESU,M,S,adult,21:45,mist net,No,5.2,32.6,0.16,1,Neg,No,TWRA 01697 silver,Neg,0.00,,,,,
44696.037,TN1,8/14/2012,PESU,F,PL,adult,21:47,mist net,No,6.1,35.3,0.17,1,Neg,No,TWRA 01698 silver,Neg,0.00,,,,,
44696.038,TN1,8/14/2012,PESU,M,NR,adult,21:54,mist net,Yes,5.7,35.5,0.16,NR,Neg,No,TWRA 01668 silver,Neg,0.00,,,,,
44696.039,TN1,8/14/2012,PESU,F,NL,juv,21:58,mist net,No,6.2,35.0,0.18,1,Neg,No,,Neg,0.00,,,,,
44696.040,TN1,8/14/2012,PESU,F,NL,juv,22:36,mist net,No,6.0,33.6,0.18,0,Neg,No,,Neg,0.00,,,,,
44696.041,TN1,8/14/2012,PESU,M,S,juv,22:40,mist net,No,5.0,34.2,0.15,1,Neg,Yes,,Neg,0.00,,Neg,0.00,,
44696.042,TN1,8/14/2012,PESU,M,S,adult,22:47,mist net,No,5.7,34.9,0.16,0,Neg,Yes,TWRA 01703 silver,Neg,0.00,,Neg,0.00,,
44696.043,TN1,8/14/2012,MYLU,M,S,adult,22:54,mist net,No,6.8,35.9,0.19,0,Neg,Yes,TWRA 01706 silver,Neg,0.00,,Neg,0.00,,
44696.044,TN1,8/14/2012,PESU,F,PL,adult,22:59,mist net,No,6.6,33.2,0.20,1,Neg,No,TWRA 01708 silver,Neg,0.00,,,,,
44696.045,TN1,8/14/2012,PESU,M,S,adult,22:59,mist net,No,6.0,35.0,0.17,1,Neg,No,TWRA 01710 silver,Neg,0.00,,,,,
44696.046,TN1,8/14/2012,PESU,M,S,adult,23:34,mist net,No,5.2,33.0,0.16,0,Neg,No,TWRA 01714 silver,Neg,0.00,,,,,
44696.047,TN1,8/14/2012,MYLU,M,S,adult,23:45,mist net,No,7.6,38.0,0.20,0,Neg,Yes,TWRA 01715 silver,Neg,0.00,,Neg,0.00,,
44696.048,TN1,8/14/2012,PESU,M,S,adult,23:52,mist net,No,5.9,33.1,0.18,0,Neg,No,TWRA 01716 silver,Neg,0.00,,,,,
44697.001,VA1,8/9/2012,PESU,M,S,adult,21:05,mist net,No,5.0,33.2,0.15,1,Neg,No,VDGIF A54740 silver,Neg,0.00,,,,,
44697.002,VA1,8/9/2012,PESU,F,PL,adult,21:10,mist net,No,5.4,33.6,0.16,0,Neg,Yes,VDGIF A54743 silver,Neg,0.00,,Neg,0.00,,
44697.003,VA1,8/9/2012,PESU,M,S,adult,21:09,mist net,No,4.8,33.6,0.14,1,Neg,No,VDGIF A54744 silver,Neg,0.00,,,,,
44697.004,VA1,8/9/2012,PESU,M,S,adult,21:10,mist net,No,5.1,34.1,0.15,0,Neg,No,VDGIF A54746 silver,Neg,0.00,,,,,
44697.005,VA1,8/9/2012,PESU,M,S,adult,21:12,mist net,No,5.2,33.8,0.15,0,Neg,No,VDGIF A54745 silver,Neg,0.00,,,,,
44697.006,VA1,8/9/2012,PESU,M,S,adult,21:20,mist net,No,5.2,34.7,0.15,0,Neg,No,VDGIF A51817 silver,Neg,0.00,,,,,
44697.007,VA1,8/9/2012,EPFU,M,S,adult,21:22,mist net,No,14.7,47.6,0.31,1,Neg,Yes,VDGIF A48801 silver,Neg,0.00,,Neg,0.00,,
44697.008,VA1,8/9/2012,PESU,M,S,adult,21:26,mist net,No,5.0,33.7,0.15,0,Neg,No,VDGIF A54747 silver,Neg,0.00,,,,,
44697.009,VA1,8/9/2012,MYSE,M,S,adult,22:16,mist net,No,6.2,35.0,0.18,1,Neg,No,VDGIF A55374 silver,Neg,0.00,,,,,
44697.010,VA1,8/9/2012,MYLE,M,S,adult,22:20,mist net,No,4.3,31.2,0.14,0,Neg,Yes,,Neg,0.00,,Neg,0.00,,
44697.011,VA1,8/9/2012,PESU,M,S,adult,22:28,mist net,No,6.0,34.6,0.17,1,Neg,Yes,VDGIF A55375 silver,Neg,0.00,,Neg,0.00,,
44697.012,VA1,8/9/2012,MYLU,M,S,adult,22:38,mist net,No,7.1,38.6,0.18,1,Neg,Yes,VDGIF A55376 silver,Neg,0.00,,Neg,0.00,,
44697.013,VA1,8/9/2012,PESU,M,S,adult,22:53,mist net,No,5.5,32.8,0.17,0,Neg,No,VDGIF A55377 silver,Neg,0.00,,,,,
44697.014,VA1,8/9/2012,PESU,M,S,adult,23:05,mist net,No,5.5,33.5,0.16,1,Neg,No,VDGIF A55378 silver,Neg,0.00,,,,,
44697.015,VA1,8/9/2012,MYLE,M,S,adult,23:10,mist net,No,4.2,30.5,0.14,1,Neg,No,,Neg,0.00,,,,,
44697.016,VA1,8/9/2012,MYLE,M,S,adult,23:21,mist net,No,4.8,30.5,0.16,1,Neg,No,,Neg,0.00,,Neg,0.00,,
44697.017,VA1,8/9/2012,PESU,M,S,adult,23:26,mist net,No,6.0,35.1,0.17,0,Neg,No,VDGIF A55388 silver,Neg,0.00,,,,,
44697.018,VA1,8/9/2012,MYLE,M,S,adult,23:27,mist net,No,4.3,32.5,0.13,1,Neg,Yes,,Neg,0.00,,Neg,0.00,,
44697.019,VA1,8/9/2012,MYLU,M,S,adult,23:50,mist net,No,6.7,36.7,0.18,1,Neg,No,VDGIF A54543 silver,Neg,0.00,,,,,
44697.020,VA1,8/13/2012,PESU,F,NL,juv,20:17,mist net,No,4.8,33.4,0.14,0,Neg,No,,Neg,0.00,,,,,
44697.021,VA1,8/13/2012,MYLU,M,S,adult,20:18,mist net,No,6.8,38.7,0.18,1,Neg,Yes,VDGIF A54509 silver,Neg,0.00,,Neg,0.00,,
44697.022,VA1,8/13/2012,PESU,F,PL,adult,20:25,mist net,No,4.8,34.3,0.14,1,Neg,No,,Neg,0.00,,,,,
44697.023,VA1,8/13/2012,MYSE,F,PL,adult,20:29,mist net,No,6.2,,,0,Neg,Yes,VDGIF A54700 silver,Neg,0.00,,Neg,0.00,,
44697.024,VA1,8/13/2012,PESU,F,NL,juv,20:46,mist net,No,5.3,35.4,0.15,0,Neg,No,,Neg,0.00,,,,,
44697.025,VA1,8/13/2012,PESU,M,S,adult,20:50,mist net,No,5.0,33.0,0.15,1,Neg,No,,Neg,0.00,,,,,
44697.026,VA1,8/13/2012,PESU,M,S,adult,21:20,mist net,No,4.9,34.4,0.14,0,Neg,No,,Neg,0.00,,,,,
44697.027,VA1,8/13/2012,MYSE,F,NL,juv,21:29,mist net,No,5.8,35.6,0.16,0,Neg,Yes,,Neg,0.00,,Neg,0.00,,
44697.028,VA1,8/13/2012,PESU,M,S,adult,21:37,mist net,No,5.6,34.9,0.16,1,Neg,No,,Neg,0.00,,,,,
44697.029,VA1,8/13/2012,MYLE,F,NL,juv,21:44,mist net,No,5.2,32.6,0.16,1,Neg,Yes,,Neg,0.00,,Neg,0.00,,
44697.030,VA1,8/13/2012,EPFU,M,S,adult,22:11,mist net,No,16.8,48.1,0.35,1,Neg,Yes,,Neg,0.00,,Neg,0.00,,
44697.031,VA1,8/13/2012,MYSE,M,S,adult,22:12,mist net,No,5.4,35.3,0.15,0,Neg,Yes,,Neg,0.00,,Neg,0.00,,
44697.032,VA1,8/13/2012,MYSE,M,S,adult,22:39,mist net,No,6.4,35.8,0.18,0,Neg,No,,Neg,0.00,,,,,
44697.033,VA1,8/13/2012,PESU,M,S,adult,22:40,mist net,No,5.3,33.6,0.16,0,Neg,No,,Neg,0.00,,,,,
44697.034,VA1,8/13/2012,PESU,M,S,adult,22:43,mist net,No,5.2,32.5,0.16,1,Neg,Yes,,Neg,0.00,,Neg,0.00,,
44697.035,VA1,8/13/2012,MYSE,M,S,adult,22:48,mist net,No,6.6,35.9,0.18,1,Neg,Yes,,Neg,0.00,,Neg,0.00,,
44697.036,VA1,8/13/2012,PESU,M,S,adult,22:52,mist net,No,5.1,32.1,0.16,0,Neg,Yes,,Neg,0.00,,Neg,0.00,,
44697.037,VA1,8/13/2012,MYLE,M,S,adult,22:56,mist net,No,4.5,32.6,0.14,1,Neg,Yes,,Neg,0.00,,Neg,0.00,,
44697.038,VA1,8/13/2012,MYLE,M,S,adult,22:57,mist net,No,5.8,35.6,0.16,0,Neg,Yes,,Neg,0.00,,Neg,0.00,,
44697.039,VA1,8/13/2012,PESU,M,S,adult,23:02,mist net,No,6.0,33.3,0.18,0,Neg,No,,Neg,0.00,,,,,
44697.040,VA1,8/13/2012,EPFU,M,S,adult,23:06,mist net,No,16.3,45.3,0.36,1,Neg,Yes,,Neg,0.00,,Neg,0.00,,
44697.041,VA1,8/13/2012,PESU,M,S,adult,23:08,mist net,No,5.4,34.6,0.16,0,Neg,Yes,,Neg,0.00,,Neg,0.00,,
44697.042,VA1,8/13/2012,MYLE,F,PL,adult,23:13,mist net,No,4.3,31.2,0.14,1,Neg,Yes,,Neg,0.00,,Neg,0.00,,
44697.043,VA1,8/13/2012,PESU,M,S,adult,23:28,mist net,No,5.2,33.5,0.16,1,Neg,Yes,,Neg,0.00,,Neg,0.00,,
44697.044,VA1,8/13/2012,MYLU,M,S,adult,23:36,mist net,No,6.6,36.4,0.18,1,Neg,Yes,,Neg,0.00,,Neg,0.00,,
44697.045,VA1,8/13/2012,MYLE,F,NL,adult,23:39,mist net,No,4.6,32.3,0.14,1,Neg,Yes,,Neg,0.00,,Neg,0.00,,
44697.046,VA1,8/13/2012,MYSE,F,PL,adult,23:39,mist net,No,5.5,36.3,0.15,1,Neg,Yes,,Neg,0.00,,Neg,0.00,,
44697.047,VA1,8/13/2012,PESU,M,S,adult,23:49,mist net,No,5.4,36.2,0.15,1,Neg,No,,Neg,0.00,,,,,
44697.048,VA1,8/13/2012,PESU,M,S,adult,23:32,mist net,No,5.8,34.3,0.17,1,Neg,Yes,,Neg,0.00,,Neg,0.00,,
44697.049,VA1,8/13/2012,PESU,F,PL,adult,23:37,mist net,No,5.5,33.2,0.17,1,Neg,Yes,,Neg,0.00,,Neg,0.00,,
