GC	title	lat	lon	country	province/state	numfinds
GC113PK	Flint Mountain Cave	N 47° 08.259	E 017° 41.969	Hungary	Veszprém	78
GC119NK	Breadman's Cave	N 51° 42.168	E 006° 56.233	Germany	Nordrhein-Westfalen	70
GC11WY1	new Baarburg-Cave	N 47° 12.360	E 008° 33.165	Switzerland	Zug	483
GC12XAA	Above The Cave	N 50° 06.276	E 014° 21.066	Czechia	Hlavní město Praha	2436
GC12Z0A	TCL#5 Jeskyne Salka / Cave Salka	N 49° 23.189	E 012° 53.435	Czechia	Plzeňský kraj	626
GC13D3G	CHYNOVSKA JESKYNE/CHYNOV CAVE	N 49° 25.760	E 014° 50.004	Czechia	Jihočeský kraj	634
GC13FDN	Nad jeskyni / Over the cave	N 49° 59.207	E 014° 01.854	Czechia	Středočeský kraj	588
GC13XJJ	Die Aggertalhöhle - The Aggertal Cave	N 50° 59.630	E 007° 26.930	Germany	Nordrhein-Westfalen	241
GC13XJP	Tropfsteinhöhle Wiehl - Stalactite Cave Wiehl	N 50° 56.321	E 007° 32.886	Germany	Nordrhein-Westfalen	346
GC149E0	Dans ta cave Charles	N 47° 09.258	E 001° 01.845	France	Centre-Val-de-Loire	102
GC14RAV	Kubacher Crystal Cave	N 50° 28.091	E 008° 18.172	Germany	Hessen	1203
GC154HD	Cave Canem	N 52° 37.914	E 009° 11.917	Germany	Niedersachsen	24
GC16MY2	La cave des mouches 2	N 47° 50.302	E 001° 43.086	France	Centre-Val-de-Loire	55
GC16QF2	Dunsthöhle - The Vapours Cave	N 51° 59.334	E 009° 15.627	Germany	Niedersachsen	1110
GC18P16	Cave canem	N 51° 03.542	E 006° 58.887	Germany	Nordrhein-Westfalen	418
GC18Y1D	Trpaslici jeskyne - Dwarfish cave	N 50° 46.431	E 014° 15.365	Czechia	Ústecký kraj	123
GC1C19Y	Smrduta Cave & Flint Block	N 49° 22.326	E 017° 45.582	Czechia	Zlínský kraj	320
GC1C99Q	Les caves cathédrales : La cave à vin	N 44° 19.542	E 004° 45.696	France	Auvergne-Rhône-Alpes	451
GC1CEBE	Zsivány-valley, Benard cave	N 46° 58.765	E 017° 28.738	Hungary	Veszprém	60
GC1CHXJ	La cave du curé	N 45° 32.213	E 004° 33.108	France	Auvergne-Rhône-Alpes	158
GC1CQWE	Moggaster Ruine	N 49° 46.146	E 011° 15.576	Germany	Bayern	152
GC1CT3K	BB#3: The Cave	N 48° 51.677	E 002° 15.499	France	Île-de-France	511
GC1DMB3	The Cave	N 46° 53.706	E 007° 59.387	Switzerland	Luzern	59
GC1DWWX	Ebermannstädter Aussichten	N 49° 46.664	E 011° 12.010	Germany	Bayern	164
GC1E5A2	Fränkischer Zuckerhut	N 49° 47.299	E 011° 12.814	Germany	Bayern	246
GC1FMW8	Baradla Barlang – Baradla Cave	N 48° 27.918	E 020° 29.910	Hungary	Borsod-Abaúj-Zemplén	263
GC1G1FN	Backes-Rallye: Pretzfeld	N 49° 45.308	E 011° 10.429	Germany	Bayern	626
GC1HGK3	Nebelhöhle (Fog Cave)	N 48° 25.038	E 009° 13.246	Germany	Baden-Württemberg	852
GC1HVZV	Jeskyne Pekarna / Pekarna cave	N 49° 14.523	E 016° 44.744	Czechia	Jihomoravský kraj	1452
GC1J0HB	Geburtskanal	N 51° 55.500	E 009° 42.000	Germany	Niedersachsen	17
GC1JRXX	La cave de Vitalis	N 43° 46.833	E 003° 26.883	France	Occitanie	25
GC1JT98	The Cave and the pond	N 48° 51.815	E 002° 14.470	France	Île-de-France	128
GC1KFNW	La cave aux Fées	N 48° 14.159	E 002° 52.735	France	Île-de-France	137
GC1KWZH	Bahnhof Forchheim	N 49° 43.068	E 011° 04.212	Germany	Bayern	209
GC1MHHR	Stalactite Cave	N 52° 21.986	E 013° 10.500	Germany	Brandenburg	632
GC1P45C	Westumgehung	N 49° 37.243	E 011° 06.838	Germany	Bayern	183
GC1PC2C	Strašínská drací jeskyne/ Strasin - Dragon´s cave	N 49° 10.972	E 013° 37.780	Czechia	Plzeňský kraj	879
GC1PH2X	EGC-Bonus	N 49° 46.804	E 011° 15.313	Germany	Bayern	29
GC1PH3Q	EGC- Ein Golf- Cache	N 49° 46.615	E 011° 14.874	Germany	Bayern	34
GC1PZ0G	Trainmeuseler Brunnen	N 49° 47.938	E 011° 14.472	Germany	Bayern	242
GC1R15Y	Malenicka jeskyne - Malenice cave	N 49° 07.819	E 013° 53.026	Czechia	Jihočeský kraj	298
GC1RN5R	Grotte et ancienne cave à fromage de Landric	N 43° 54.978	E 003° 04.707	France	Occitanie	16
GC1RX4F	GBGA-02 - Szemlö-hegyi Cave	N 47° 31.677	E 019° 01.497	Hungary	Budapest	282
GC1T83M	Cave Hope / Jeskyne Nadeje	N 49° 13.189	E 018° 02.471	Czechia	Zlínský kraj	302
GC1TM3F	Ebermannstädter Aussichten- Bonus	N 49° 46.402	E 011° 13.347	Germany	Bayern	95
GC1TNE8	Heiners Höh	N 49° 47.017	E 011° 14.440	Germany	Bayern	190
GC1TQ5P	Nürnberger Kapelle	N 49° 45.657	E 011° 19.569	Germany	Bayern	248
GC1V206	St. Beatus Cave	N 46° 41.048	E 007° 46.919	Switzerland	Bern	669
GC1VAKT	Vier auf einen Streich	N 49° 49.123	E 011° 21.873	Germany	Bayern	45
GC1VKMJ	Cave Palvolgyi	N 47° 32.000	E 019° 00.900	Hungary	Budapest	329
GC1W9T1	Teufelshöhle / Devil's Cave	N 50° 20.266	E 009° 27.304	Germany	Hessen	394
GC1WH3M	Small Cave	N 51° 19.782	E 008° 29.298	Germany	Nordrhein-Westfalen	299
GC1WM1M	Kristallhöhle / Crystal Cave Idar-Oberstein	N 49° 43.633	E 007° 16.580	Germany	Rheinland-Pfalz	1000
GC1WVYP	Barbarossa cave	N 51° 22.520	E 011° 02.172	Germany	Thüringen	964
GC1XPJK	Ebermannstädter Ansichten	N 49° 46.832	E 011° 11.278	Germany	Bayern	293
GC1XT26	Tse-Tse Fly Cave	N 49° 21.207	E 011° 22.789	Germany	Bayern	189
GC1XW6A	Loupeznicka jeskyne -  The Bandit's cave	N 50° 45.276	E 014° 55.021	Czechia	Liberecký kraj	90
GC1XZXH	Trubachtal Cave	N 49° 41.680	E 011° 20.401	Germany	Bayern	190
GC1YBCC	Cave Czernice	N 49° 41.740	E 013° 24.586	Czechia	Plzeňský kraj	757
GC1YG7W	Little Cave	N 51° 36.416	E 010° 00.625	Germany	Niedersachsen	115
GC1YK4W	The Cave	N 49° 34.711	E 007° 06.806	Germany	Saarland	167
GC206CT	Wendelstein Cave	N 47° 42.169	E 012° 00.795	Germany	Bayern	606
GC20DQT	Lóczy Cave	N 46° 58.141	E 017° 52.410	Hungary	Veszprém	431
GC20DW8	Lake Cave of Tapolca	N 46° 52.998	E 017° 26.595	Hungary	Veszprém	762
GC218K2	Cimrmanova jeskyne - Cimrman's cave	N 50° 27.306	E 014° 33.250	Czechia	Středočeský kraj	338
GC22P67	Dracula's cave ( Draculas Höhle )	N 47° 18.939	E 007° 53.127	Switzerland	Solothurn	203
GC23FF3	Abaliget Cave	N 46° 08.198	E 018° 06.992	Hungary	Baranya	109
GC24FJE	Anna cave	N 48° 06.306	E 020° 37.505	Hungary	Borsod-Abaúj-Zemplén	209
GC24X4C	St. Istvan Cave	N 48° 05.978	E 020° 37.278	Hungary	Borsod-Abaúj-Zemplén	201
GC25F7X	Matejovicka jeskyne - Matejovicka Cave	N 50° 13.624	E 017° 44.228	Czechia	Moravskoslezský kraj	90
GC25Q33	Grotte Sainte-Reine Cave	N 48° 38.712	E 005° 56.525	France	Grand-Est	81
GC25Z7V	Scarhem 06 - Buffy´s Cave	N 51° 42.782	E 008° 38.970	Germany	Nordrhein-Westfalen	326
GC2657B	The Cave	N 50° 44.635	E 007° 44.741	Germany	Rheinland-Pfalz	109
GC26Z1P	Railway Cave	N 49° 43.862	E 011° 33.164	Germany	Bayern	18
GC276M3	SECRET CAVE	N 48° 37.695	E 010° 07.688	Germany	Baden-Württemberg	61
GC27DV7	La cave abondonnée	N 49° 27.412	E 006° 04.802	France	Grand-Est	593
GC27Z4P	"Skull Cachers ""Cave"""	N 50° 47.034	E 007° 28.392	Germany	Nordrhein-Westfalen	57
GC29E3N	Only a little Cave in Iserlohn	N 51° 23.010	E 007° 43.480	Germany	Nordrhein-Westfalen	26
GC2A8YD	Jeskyne Barcalina / Barcalina Cave	N 50° 26.276	E 014° 36.228	Czechia	Středočeský kraj	29
GC2B3WX	Selim cave	N 47° 35.420	E 018° 24.415	Hungary	Komárom-Esztergom	284
GC2BG5M	Kossuth Cave	N 48° 29.252	E 020° 33.050	Hungary	Borsod-Abaúj-Zemplén	91
GC2BG9F	Imre Vass Cave	N 48° 29.875	E 020° 32.208	Hungary	Borsod-Abaúj-Zemplén	57
GC2BH14	Rákóczi Cave	N 48° 31.234	E 020° 44.943	Hungary	Borsod-Abaúj-Zemplén	54
GC2BJ53	The Cave at Turold	N 48° 48.995	E 016° 38.411	Czechia	Jihomoravský kraj	1927
GC2BRYG	Spas in Hungary 04 / Cave Bath	N 48° 03.647	E 020° 44.735	Hungary	Borsod-Abaúj-Zemplén	296
GC2BWBY	Kokas mountain cave	N 47° 14.334	E 017° 53.234	Hungary	Veszprém	107
GC2BXDQ	Béke Cave	N 48° 27.647	E 020° 32.512	Hungary	Borsod-Abaúj-Zemplén	52
GC2BXNG	Meteor Cave	N 48° 33.182	E 020° 42.429	Hungary	Borsod-Abaúj-Zemplén	39
GC2C1HF	Cave Szabadság	N 48° 27.265	E 020° 34.310	Hungary	Borsod-Abaúj-Zemplén	34
GC2DPE1	Die Veleda-Höhle / The Veleda-cave	N 51° 20.912	E 008° 22.740	Germany	Nordrhein-Westfalen	342
GC2E3M2	Smrtni jeskyne (Death cave)	N 49° 22.052	E 016° 44.572	Czechia	Jihomoravský kraj	1911
GC2EBE8	Backes-Rallye: Kersbach	N 49° 40.809	E 011° 04.325	Germany	Bayern	303
GC2EQVG	Alter Bahnhof	N 49° 36.631	E 011° 07.766	Germany	Bayern	322
GC2EYP4	The Jared Cave	N 47° 08.481	E 009° 03.173	Switzerland	St. Gallen	243
GC2F24R	Sontheimer Tropfsteinhöhle (limestone cave)	N 48° 25.870	E 009° 41.023	Germany	Baden-Württemberg	248
GC2FHJR	La grotte aux cristaux / Crystal Cave	N 48° 26.605	E 002° 40.229	France	Île-de-France	255
GC2FM87	La cave voutée de Fosse	N 49° 17.725	E 002° 40.996	France	Hauts-de-France	147
GC2FWB5	BILDSTOCK: Cave and Lostplace	N 49° 31.620	E 007° 15.672	Germany	Saarland	113
GC2FXPZ	LP Betonwerke	N 49° 36.500	E 011° 08.036	Germany	Bayern	678
GC2GE6W	Gorges Cave	N 46° 26.794	E 006° 56.614	Switzerland	Vaud	49
GC2HB4E	1 La tourniquette des Zinzins : La cave	N 43° 54.893	E 004° 30.658	France	Occitanie	67
GC2JHE3	The biggest thermal water cave in the world	N 47° 31.080	E 019° 02.168	Hungary	Budapest	926
GC2K485	Die Balver Höhle - The Cave Balver	N 51° 20.365	E 007° 52.295	Germany	Nordrhein-Westfalen	434
GC2ME0C	Cave canem! I	N 53° 43.308	E 009° 56.211	Germany	Schleswig-Holstein	589
GC2NMTK	Zpivajici jeskyne (The Singing cave)	N 49° 59.797	E 013° 10.031	Czechia	Plzeňský kraj	307
GC2P17B	Cave Canem! II	N 53° 43.223	E 009° 56.125	Germany	Schleswig-Holstein	626
GC2P17K	Cave Canem! III	N 53° 43.211	E 009° 55.905	Germany	Schleswig-Holstein	702
GC2Q12C	Neolithikum/Stone Age Cave	N 49° 08.748	E 011° 46.678	Germany	Bayern	81
GC2QWZN	Borzas mountain cave	N 47° 11.085	E 017° 50.019	Hungary	Veszprém	104
GC2R57K	Silver Cave	N 47° 38.519	E 007° 41.696	Germany	Baden-Württemberg	61
GC2TYRY	La cave des Templiers	N 48° 08.907	E 002° 41.939	France	Île-de-France	53
GC2WP2Q	La cave aux fées	N 49° 02.148	E 001° 48.868	France	Île-de-France	140
GC2Y956	MBC Cave Bunker	N 50° 23.429	E 007° 37.548	Germany	Rheinland-Pfalz	56
GC2YWP7	Cave Canem	N 48° 53.655	E 013° 38.551	Germany	Bayern	139
GC2ZCYR	Wolf-hole cave	N 47° 57.632	E 019° 46.396	Hungary	Nógrád	15
GC30CW5	Grotte et ancienne cave à fromage de Matharel	N 43° 57.475	E 003° 02.460	France	Occitanie	19
GC31H8V	Budapest 2011 - Cave HUNt	N 47° 32.047	E 019° 01.353	Hungary	Budapest	30
GC33H8K	2#Découverte de...Listrac-Médoc~Cave et Château	N 45° 04.466	W 000° 47.581	France	Nouvelle-Aquitaine	62
GC340EW	Dragon Cave	N 47° 25.180	E 009° 16.904	Switzerland	St. Gallen	217
GC3414	Odvaskõ Cave	N 47° 17.336	E 017° 42.971	Hungary	Veszprém	285
GC37B3T	Flint Mountain Cave	N 47° 08.259	E 017° 41.969	Hungary	Veszprém	39
GC386QK	Inside the Cave	N 49° 18.761	E 007° 31.442	Germany	Rheinland-Pfalz	3
GC38DAW	Dragon-Cave	N 50° 25.260	E 007° 58.951	Germany	Hessen	142
GC38DCC	Grotte de Troubat / Troubat cave	N 42° 58.557	E 000° 35.042	France	Occitanie	40
GC3BFH2	Jeskyne krale Saula / King Saul's cave	N 49° 58.341	E 016° 20.407	Czechia	Pardubický kraj	25
GC3D141	cave 022012	N 48° 04.587	E 009° 17.662	Germany	Baden-Württemberg	47
GC3E96Z	Jack Daniels Cave	N 49° 07.195	E 007° 33.349	Germany	Rheinland-Pfalz	21
GC3KQ3B	Cave Du Vin	N 43° 06.701	E 002° 50.125	France	Occitanie	73
GC3M4ZC	Boîte de nuit: la Cave de la Fête Triste	N 48° 47.199	E 007° 40.938	France	Grand-Est	44
GC3MP25	Sudslavicka sluj/Sudslavice Cave	N 49° 05.467	E 013° 47.733	Czechia	Jihočeský kraj	68
GC3MZ4G	Lost-Cave	N 51° 30.898	E 009° 50.119	Germany	Niedersachsen	75
GC3PKER	La cave du père GERARDIN	N 48° 40.448	E 005° 55.518	France	Grand-Est	234
GC3QR8T	Budapest 2012 - Cave Hunting	N 47° 32.047	E 019° 01.353	Hungary	Budapest	46
GC3T2N7	La cave de Laudun	N 44° 06.246	E 004° 39.826	France	Occitanie	33
GC3VTTW	bat cave	N 52° 10.937	E 008° 08.400	Germany	Niedersachsen	230
GC3XVDW	Cave Canem	N 50° 15.130	E 007° 19.100	Germany	Rheinland-Pfalz	100
GC40AEP	Cave de Rocheval	N 46° 27.138	E 006° 19.456	Switzerland	Vaud	223
GC40YKT	AGT 26: Jeskyne Sipka / Sipka cave	N 49° 35.271	E 018° 07.194	Czechia	Moravskoslezský kraj	1886
GC43GPK	Cave des Coyes [EdM]	N 48° 35.443	E 001° 35.060	France	Centre-Val-de-Loire	131
GC43V5B	Cave à Vin	N 48° 16.123	E 002° 44.254	France	Île-de-France	66
GC43VF0	The Cave, Part Deux	N 48° 51.811	E 002° 14.468	France	Île-de-France	238
GC45T49	Jeskyne Postojna/Postojna Cave	N 50° 35.933	E 015° 12.521	Czechia	Liberecký kraj	540
GC46QXX	HANDS 07: Booming Bad Bat Cave	N 48° 48.238	E 007° 43.685	France	Grand-Est	36
GC48X6V	La cave du château	N 47° 00.380	E 000° 19.820	France	Centre-Val-de-Loire	142
GC4B49B	Batman´s Cave	N 50° 59.199	E 007° 28.690	Germany	Nordrhein-Westfalen	43
GC4B71W	Le tour du pic saint loup #27Bis La Cave Gennevaux	N 43° 46.465	E 003° 49.573	France	Occitanie	131
GC4FFVX	The Cave	N 48° 45.771	E 009° 11.163	Germany	Baden-Württemberg	127
GC4FVFB	cave canem	N 52° 15.057	E 009° 31.999	Germany	Niedersachsen	221
GC4FVRK	The Cave II	N 48° 45.477	E 009° 10.887	Germany	Baden-Württemberg	207
GC4G550	The Cave III	N 48° 45.905	E 009° 11.714	Germany	Baden-Württemberg	93
GC4HXRR	LA CAVE DE NANKUA	N 46° 52.228	E 005° 47.283	France	Bourgogne-Franche-Comté	23
GC4J919	La Cave de Vaux	N 47° 12.788	E 001° 26.631	France	Centre-Val-de-Loire	77
GC4K7BK	ZRR8 - Stephen's Spring Cave	N 49° 57.595	E 007° 01.341	Germany	Rheinland-Pfalz	403
GC4KV9W	Quasimodos Cave	N 51° 43.673	E 009° 52.861	Germany	Niedersachsen	77
GC4KVFP	La cave Gallo Romaine de Taverny	N 49° 01.374	E 002° 12.589	France	Île-de-France	115
GC4QWET	GROTTE UZEL CAVE	N 43° 28.425	E 006° 53.667	France	Provence-Alpes-Côte d'Azur	41
GC4RM3H	La Cave	N 47° 24.018	E 007° 18.840	Switzerland	Jura	62
GC4VF3N	Der Piepmatz	N 50° 51.849	E 006° 08.714	Germany	Nordrhein-Westfalen	792
GC4W1C8	Zirkels Cave	N 46° 51.282	E 007° 16.724	Switzerland	Fribourg	74
GC4WCFH	Dénezé - La Cave aux Sculptures	N 47° 14.810	W 000° 16.598	France	Pays de la Loire	111
GC4WKHA	La cave d'Espinassous	N 44° 05.827	E 003° 23.797	France	Occitanie	1
GC4X261	Mramorova jeskyne Lazurka / Marble cave Lazurka	N 49° 54.865	E 012° 46.765	Czechia	Plzeňský kraj	218
GC4X5P7	Marie va à la cave	N 45° 49.817	E 004° 48.505	France	Auvergne-Rhône-Alpes	54
GC4Y16Y	La grotte de l'étoile - Star cave	N 49° 55.363	E 004° 31.210	France	Grand-Est	271
GC4Y3NP	Sur le Chemin de la Navarre - 06 La Cave	N 43° 11.732	E 006° 06.203	France	Provence-Alpes-Côte d'Azur	40
GC4ZJBA	OCHOZSKA JESKYNE - Ochozska Cave 	N 49° 14.675	E 016° 44.990	Czechia	Jihomoravský kraj	582
GC50KCJ	LA CAVE	N 47° 22.149	W 002° 11.809	France	Pays de la Loire	38
GC52WN3	CE3# La cave aux loups	N 47° 20.673	E 004° 50.998	France	Bourgogne-Franche-Comté	21
GC53WK7	Cave Ste Geneviève	N 48° 26.996	E 002° 46.212	France	Île-de-France	135
GC54CCW	ALOTRA Cave (La Grotte ALOTRA)	N 43° 13.220	E 005° 27.170	France	Provence-Alpes-Côte d'Azur	22
GC54KKZ	Luc-sur-orbieu4#La cave	N 43° 10.636	E 002° 46.923	France	Occitanie	92
GC551C5	Cave Wood im Totholz	N 52° 44.715	E 013° 17.576	Germany	Brandenburg	169
GC55KD0	D34 : Alphabet Héraultais : C comme... Cave	N 43° 42.328	E 003° 54.039	France	Occitanie	84
GC55RBA	PLM Sommières-Nîmes # Feu la cave	N 43° 46.413	E 004° 09.615	France	Occitanie	86
GC5657A	Grotte de la Grande Cave	N 47° 00.934	E 006° 37.142	France	Bourgogne-Franche-Comté	81
GC56A8F	La Grand Cave #1	N 47° 01.215	E 006° 36.799	France	Bourgogne-Franche-Comté	78
GC56ABF	La Grand Cave #2	N 47° 01.105	E 006° 36.965	France	Bourgogne-Franche-Comté	90
GC56ACC	La Grand Cave #3	N 47° 01.065	E 006° 37.104	France	Bourgogne-Franche-Comté	71
GC56AD4	La Grand Cave #4	N 47° 00.821	E 006° 37.095	France	Bourgogne-Franche-Comté	89
GC56ADG	La Grand Cave #5	N 47° 00.469	E 006° 36.862	France	Bourgogne-Franche-Comté	103
GC56AE8	La Grand Cave #6	N 47° 00.673	E 006° 36.746	France	Bourgogne-Franche-Comté	92
GC56AEQ	La Grand Cave #7	N 47° 00.832	E 006° 36.680	France	Bourgogne-Franche-Comté	82
GC56AF9	La Grand Cave #8	N 47° 01.019	E 006° 36.613	France	Bourgogne-Franche-Comté	89
GC56AFG	La Grand Cave #9	N 47° 01.086	E 006° 36.515	France	Bourgogne-Franche-Comté	71
GC56AGV	La Grand Cave #Bonus	N 47° 01.080	E 006° 36.557	France	Bourgogne-Franche-Comté	48
GC5721P	Ballade du Bourg - Gîte Bista Eder La vieille Cave	N 44° 13.301	E 003° 08.334	France	Occitanie	31
GC574Z9	Cesky Raj - Yogi & Boo-Boo Cave	N 50° 30.247	E 015° 12.415	Czechia	Liberecký kraj	475
GC57F1E	The Cave	N 48° 06.234	E 011° 26.495	Germany	Bayern	500
GC58RJ7	[LHAV]#4 - PCMC - Cave Notre-Dame	N 43° 35.571	E 003° 54.383	France	Occitanie	144
GC59TR3	La cave aux nains	N 49° 10.311	E 004° 27.989	France	Grand-Est	72
GC5B62G	Mazets peints # la cabane brune de Sérignan (cave)	N 43° 16.940	E 003° 18.378	France	Occitanie	386
GC5ED60	The Cave	N 49° 36.958	E 007° 34.472	Germany	Rheinland-Pfalz	37
GC5F6CG	Vauvert A : La cave coopérative	N 43° 41.497	E 004° 16.224	France	Occitanie	194
GC5KE59	La cave mystère	N 47° 18.250	E 001° 11.020	France	Centre-Val-de-Loire	17
GC5NADD	Cave dwellings in Noszvaj	N 47° 55.732	E 020° 28.930	Hungary	Heves	108
GC5P8XG	La cave au vin du nain 	N 45° 42.900	E 004° 45.400	France	Auvergne-Rhône-Alpes	17
GC5PGDE	Cave du diable	N 49° 13.569	E 002° 58.658	France	Hauts-de-France	48
GC5QM4H	La Cave du Roy	N 48° 08.850	E 002° 47.500	France	Centre-Val-de-Loire	30
GC5R48F	Cave Bahnheim	N 49° 26.311	E 007° 43.437	Germany	Rheinland-Pfalz	90
GC5R48K	Cave Kindsbach	N 49° 24.931	E 007° 37.048	Germany	Rheinland-Pfalz	34
GC5R4BA	2 - La balade des Nichoirs - La cave	N 47° 55.207	E 004° 34.352	France	Bourgogne-Franche-Comté	21
GC5RDAT	Honey cave	N 49° 49.273	E 024° 05.391	Ukraine	Lviv	24
GC5W10F	THE ORCALYNS'S CAVE	N 43° 44.269	E 006° 07.496	France	Provence-Alpes-Côte d'Azur	23
GC5WQE0	Cave Kotten	N 49° 26.629	E 007° 45.672	Germany	Rheinland-Pfalz	24
GC5WVTD	Cave à vin à La Cresse - Style Elfe	N 44° 10.680	E 003° 08.194	France	Occitanie	53
GC5WVTT	Cave à vin à Contre-pinet	N 44° 11.485	E 003° 08.572	France	Occitanie	23
GC5WXMV	6-La cave du Cairou-Les balcons de St-Martin	N 44° 56.390	E 004° 21.162	France	Auvergne-Rhône-Alpes	7
GC5Y4AR	Echarcon #03 - La mare de la cave au renard	N 48° 34.275	E 002° 24.734	France	Île-de-France	63
GC5Y4CC	Echarcon #04 - Le muret de la cave au renard	N 48° 34.292	E 002° 24.935	France	Île-de-France	58
GC5YWXT	Oenotourisme finale cave coopérative	N 44° 04.099	E 004° 13.689	France	Occitanie	20
GC5ZCNZ	Cave- tour Ueßbachtal	N 50° 04.280	E 007° 02.276	Germany	Rheinland-Pfalz	24
GC63ZCA	[FDV] #1 - La Cave aux TB	N 47° 15.861	E 002° 06.725	France	Centre-Val-de-Loire	32
GC64J6V	Stradchanskaya cave	N 49° 53.861	E 023° 45.348	Ukraine	Lviv	11
GC65X6Q	Jeskyne Byci skala/Byci skala Cave	N 49° 18.440	E 016° 41.614	Czechia	Jihomoravský kraj	349
GC67KWK	Une cave en plein air # Série Rond-point	N 47° 00.976	E 004° 50.218	France	Bourgogne-Franche-Comté	188
GC67X40	La forêt de Fausses Reposes #16: la cave	N 48° 48.723	E 002° 09.461	France	Île-de-France	94
GC68H5M	Cave and the Koppel 	N 53° 47.036	E 011° 33.937	Germany	Mecklenburg-Vorpommern	56
GC68QP0	Pont de la cave au loup	N 48° 59.683	E 001° 39.849	France	Île-de-France	8
GC690JX	LA CAVE DE BILBO.	N 48° 41.500	E 006° 06.500	France	Grand-Est	10
GC69E48	Cave médiévale	N 49° 08.725	E 001° 09.258	France	Normandie	6
GC69T03	Batmans Cave	N 46° 58.428	E 008° 22.039	Switzerland	Nidwalden	77
GC6A7QJ	Cave Kindsbach II	N 49° 24.935	E 007° 37.105	Germany	Rheinland-Pfalz	43
GC6C6DY	La  cave vivante du  champignon  !	N 47° 07.069	W 000° 12.305	France	Pays de la Loire	24
GC6CM7Y	Maifelder Lückenfüller 11 – bear cave	N 50° 17.306	E 007° 20.595	Germany	Rheinland-Pfalz	99
GC6CNZR	De la cave au grenier	N 47° 44.705	E 007° 19.609	France	Grand-Est	29
GC6DMTD	La cave aux moines	N 47° 19.125	W 000° 10.737	France	Pays de la Loire	102
GC6EEE3	Jeskyne pokladu / Cave of treasure	N 49° 56.230	E 017° 03.764	Czechia	Olomoucký kraj	59
GC6EPKW	Olgahöhle (Olga's Cave)	N 48° 24.815	E 009° 15.655	Germany	Baden-Württemberg	86
GC6FWC2	DRAGONS CAVE  by Dünenjunge 	N 52° 30.442	E 013° 11.200	Germany	Berlin	449
GC6G84K	La bouillotte   interdite aux rats de cave 	N 48° 16.633	W 002° 19.755	France	Bretagne	32
GC6GCAH	Cave St. Martin	N 49° 18.210	E 008° 04.960	Germany	Rheinland-Pfalz	40
GC6JFFV	De la cave au grenier	N 47° 53.975	W 002° 22.188	France	Bretagne	16
GC6M23X	Le Cavé	N 48° 26.415	E 005° 08.395	France	Grand-Est	48
GC6MW1B	Печерний монастир Розгірче/Cave monastery Rozgirch	N 49° 06.848	E 023° 42.068	Ukraine	Lviv	8
GC6N3F7	Печерний монастир Бакота/ Bakota Cave Monastery 	N 48° 35.209	E 026° 59.951	Ukraine	Khmelnytskyi	2
GC6N509	La Cave à Fromages  (Saint-Maurice-Crillat)	N 46° 33.020	E 005° 51.020	France	Bourgogne-Franche-Comté	43
GC6P8WP	Cave Trippstadt	N 49° 21.939	E 007° 46.643	Germany	Rheinland-Pfalz	39
GC6QNCZ	Cave de Saint-Mont	N 43° 39.050	W 000° 09.218	France	Occitanie	25
GC6T0C5	Love Cave 2016	N 49° 30.180	E 011° 27.865	Germany	Bayern	94
GC70P6N	Szemlő-hegyi Cave	N 47° 31.700	E 019° 01.550	Hungary	Budapest	104
GC70QFH	Le Bois Cavé	N 48° 37.309	W 002° 28.099	France	Bretagne	134
GC70RTV	LES RAGOTS -CAVE DE SAIN-BEL	N 45° 49.086	E 004° 36.170	France	Auvergne-Rhône-Alpes	57
GC71R9R	Hagener Geocaching Stammtisch - Cave 66 [1]	N 51° 21.200	E 007° 28.730	Germany	Nordrhein-Westfalen	19
GC72CN2	Au pied du clergeon #4: La cave	N 45° 50.572	E 005° 53.476	France	Auvergne-Rhône-Alpes	53
GC7363P	La cave au puit	N 47° 16.762	E 004° 09.340	France	Bourgogne-Franche-Comté	15
GC74QNY	ROCHE CAVE	N 46° 32.520	E 005° 50.619	France	Bourgogne-Franche-Comté	15
GC77B5M	CAVE #01 Les Armes (night cache)	N 43° 56.533	E 003° 45.240	France	Occitanie	22
GC77CV4	CAVE #02 Début Chasse (night cache)	N 43° 56.602	E 003° 45.189	France	Occitanie	22
GC77CWX	CAVE #03 Guet Apens (night cache)	N 43° 56.603	E 003° 45.281	France	Occitanie	22
GC77CXM	CAVE #04 Escarmouche (night cache)	N 43° 56.665	E 003° 45.143	France	Occitanie	22
GC77CYZ	CAVE #05 L'Arbre (night cache)	N 43° 56.665	E 003° 45.317	France	Occitanie	22
GC77D00	CAVE #06 Tranquille (night cache)	N 43° 56.605	E 003° 45.415	France	Occitanie	22
GC77D1N	CAVE #07 Le Carnage (night cache)	N 43° 56.666	E 003° 45.375	France	Occitanie	22
GC77D66	CAVE #08 Prep Final (night cache)	N 43° 56.668	E 003° 45.551	France	Occitanie	22
GC77D6X	CAVE #09 Dépose Armes (night cache)	N 43° 56.606	E 003° 45.510	France	Occitanie	17
GC77D7J	CAVE #10 Bonus (night cache)	N 43° 56.535	E 003° 45.463	France	Occitanie	17
GC77KK7	Cave Trippstadt II	N 49° 21.939	E 007° 46.643	Germany	Rheinland-Pfalz	29
GC782VD	Cave Coopérative - Castouveillan.	N 43° 17.521	E 002° 58.220	France	Occitanie	2
GC78JN9	La cave des fous	N 49° 01.210	E 001° 06.594	France	Normandie	47
GC79HWV	La cave de Théodule Ribot 	N 48° 50.285	E 000° 54.685	France	Normandie	18
GC7AKW8	La Cave Aux Renards N° 34	N 47° 49.498	E 000° 53.446	France	Centre-Val-de-Loire	29
GC7AKX5	La Cave Margaux N°36	N 47° 49.272	E 000° 53.749	France	Centre-Val-de-Loire	31
GC7E74N	Wooden Cave	N 53° 43.940	E 009° 44.813	Germany	Schleswig-Holstein	35
GC7F4GY	Gellert Hill Cave	N 47° 29.091	E 019° 03.131	Hungary	Budapest	457
GC7FBE1	La cave	N 48° 58.674	E 003° 20.297	France	Hauts-de-France	43
GC7G64Y	CAVE DE BAILLY	N 47° 43.378	E 003° 37.632	France	Bourgogne-Franche-Comté	47
GC7HWQ6	cave funéraire	N 45° 12.293	E 000° 26.496	France	Nouvelle-Aquitaine	10
GC7HX5D	Spider Cave	N 50° 40.106	E 011° 15.557	Germany	Thüringen	47
GC7M5GV	Little tree cave	N 51° 41.147	E 010° 04.930	Germany	Niedersachsen	62
GC7N7P9	RETRO Games - Cave of Spikes (Neue Koords 7.2.19)	N 53° 22.474	E 007° 36.408	Germany	Niedersachsen	36
GC7P0PK	CE7# 20 - Cave vicinos	N 47° 32.300	E 004° 24.823	France	Bourgogne-Franche-Comté	35
GC7TWK4	Cave of Hot hill	N 46° 58.267	E 017° 51.960	Hungary	Veszprém	5
GC7VFD0	4.La Cave	N 46° 31.409	E 001° 44.089	France	Centre-Val-de-Loire	25
GC7Z72M	Hagener Geocaching Stammtisch - Cave 66 [2]	N 51° 21.200	E 007° 28.730	Germany	Nordrhein-Westfalen	11
GC7ZRX2	Découverte de..... Listrac Cave et château	N 45° 04.418	W 000° 47.568	France	Nouvelle-Aquitaine	7
GC80D1N	Hagener Geocaching Stammtisch - Cave 66 [3]	N 51° 21.200	E 007° 28.730	Germany	Nordrhein-Westfalen	19
GC80GV7	Sur le chemin de la cave aux loups - 1	N 46° 40.611	E 000° 58.509	France	Centre-Val-de-Loire	4
GC80GVB	Sur le chemin de la cave aux loups - 2	N 46° 40.704	E 000° 58.429	France	Centre-Val-de-Loire	4
GC80GVJ	Sur le chemin de la cave aux loups - 3	N 46° 40.812	E 000° 58.411	France	Centre-Val-de-Loire	7
GC80P2D	Forgotten Cave	N 48° 17.773	E 010° 59.388	Germany	Bayern	26
GC80YT8	Sur le chemin de la cave aux loups - 4	N 46° 40.893	E 000° 58.358	France	Centre-Val-de-Loire	4
GC80YTH	Sur le chemin de la cave aux loups - 5	N 46° 40.988	E 000° 58.297	France	Centre-Val-de-Loire	4
GC80YTQ	Sur le chemin de la cave aux loups - 6	N 46° 41.070	E 000° 58.219	France	Centre-Val-de-Loire	4
GC80YTZ	La cave aux loups	N 46° 41.108	E 000° 58.066	France	Centre-Val-de-Loire	4
GC8272M	Hagener Geocaching Stammtisch - Cave 66 [4]	N 51° 21.200	E 007° 28.730	Germany	Nordrhein-Westfalen	12
GC83H87	Hagener Geocaching Stammtisch - Cave 66 [5]	N 51° 21.200	E 007° 28.730	Germany	Nordrhein-Westfalen	17
GC83V9P	Creation Celebration @HGS* - Cave 66 [6]	N 51° 21.200	E 007° 28.730	Germany	Nordrhein-Westfalen	27
GC84FA5	Cave coopérative de Gallargues le montueux	N 43° 42.884	E 004° 10.243	France	Occitanie	8
GC84RAG	The Mamilch Cave	N 46° 29.129	E 007° 40.275	Switzerland	Bern	13
GC84Y61	Hagener Geocaching Stammtisch - Cave 66 [7]	N 51° 21.200	E 007° 28.730	Germany	Nordrhein-Westfalen	13
GC84YD6	La Cave de St Hilaire	N 44° 05.610	E 004° 07.490	France	Occitanie	10
GC8578Z	Ostravska jeskyne / Cave in Ostrava	N 49° 49.735	E 018° 18.250	Czechia	Moravskoslezský kraj	141
GC86EA	The cave of Letras	N 48° 06.043	E 020° 34.817	Hungary	Borsod-Abaúj-Zemplén	15
GC87BMC	La cave de St Esteve	N 43° 30.377	E 005° 55.683	France	Provence-Alpes-Côte d'Azur	0
GC87EB8	La Cave de St Estève	N 43° 30.274	E 005° 55.683	France	Provence-Alpes-Côte d'Azur	6
GC882TJ	Hagener Geocaching Stammtisch - Cave 66 [8]	N 51° 21.200	E 007° 28.730	Germany	Nordrhein-Westfalen	9
GC882TK	Hagener Geocaching Stammtisch - Cave 66 [9]	N 51° 21.200	E 007° 28.730	Germany	Nordrhein-Westfalen	16
GC884EA	Hagener Geocaching Stammtisch - Cave 66 [10]	N 51° 21.200	E 007° 28.730	Germany	Nordrhein-Westfalen	14
GC88761	Cave coopérative des Arcs	N 43° 26.854	E 006° 28.571	France	Provence-Alpes-Côte d'Azur	4
GC8AE7J	la cave coopérative	N 43° 25.528	E 002° 56.780	France	Occitanie	4
GCD481	Lava cave	N 48° 06.261	E 019° 58.308	Hungary	Nógrád	42
GCGAWQ	Fohlenhaus (small cave)	N 48° 31.086	E 010° 03.076	Germany	Baden-Württemberg	351
GCGC98	Cave Lodge	N 49° 01.420	E 008° 33.730	Germany	Baden-Württemberg	145
GCGDY3	Cave of Dorneck	N 47° 28.791	E 007° 37.676	Switzerland	Solothurn	110
GCGF35	Baradla cave in Aggtelek	N 48° 28.550	E 020° 30.085	Hungary	Borsod-Abaúj-Zemplén	398
GCGF39	The cave of Vecsembükk	N 48° 34.012	E 020° 43.600	Hungary	Borsod-Abaúj-Zemplén	2
GCGM1G	The Pirates Cave	N 50° 09.710	E 007° 54.930	Germany	Hessen	51
GCHF86	Uncle Bear's Cave	N 47° 37.957	E 018° 58.287	Hungary	Pest megye	184
GCHPGZ	Auntie Spring is sad (Cat-cave)	N 47° 38.613	E 018° 56.645	Hungary	Pest megye	111
GCJ26Z	Pálvölgyi and Mátyáshegyi Cave	N 47° 32.027	E 019° 00.992	Hungary	Budapest	174
GCJQ7E	Baarburg-Cave	N 47° 12.360	E 008° 33.165	Switzerland	Zug	14
GCKQ84	Murphys Cave	N 47° 52.158	E 009° 00.546	Germany	Baden-Württemberg	321
GCM7WE	BATMANS CAVE	N 47° 43.835	E 008° 52.315	Germany	Baden-Württemberg	59
GCMN1K	KRYOS CAVE	N 48° 04.284	E 008° 25.057	Germany	Baden-Württemberg	41
GCMQPB	Ördöglyuk / Devil's Hole Cave	N 47° 35.438	E 018° 54.339	Hungary	Pest megye	208
GCN6AA	Cave Lodge Reloaded	N 49° 01.080	E 008° 34.230	Germany	Baden-Württemberg	24
GCQ9KZ	Fairy cave	N 47° 42.583	E 018° 49.599	Hungary	Komárom-Esztergom	77
GCQCG6	Cave of Táborhegy (GCKBrl)	N 47° 33.008	E 019° 00.705	Hungary	Budapest	329
GCRTDY	IMC No. 3 S-DE - Where is the cave gone?	N 51° 14.299	E 007° 33.404	Germany	Nordrhein-Westfalen	48
GCRTEG	La grotte de Las Manes - Las Manes cave	N 44° 00.077	W 000° 24.604	France	Nouvelle-Aquitaine	16
GCRZH1	Der Schlupflochfelsen im Ailsbachtal	N 49° 48.986	E 011° 21.860	Germany	Bayern	562
GCV3ZE	The Lóczy Cave	N 46° 58.135	E 017° 52.450	Hungary	Veszprém	928
GCVQAA	"Ajka-Csingervalley -  ""Macskalik"" cave"	N 47° 03.979	E 017° 37.696	Hungary	Veszprém	69
GCW986	Cave of Csakvar - Tracking the primal horse	N 47° 22.638	E 018° 26.430	Hungary	Fejér	284
GCWE9V	BALCARKA / BALCARKA CAVE	N 49° 22.564	E 016° 45.479	Czechia	Jihomoravský kraj	3395
GCWM3P	Djungle Cave	N 49° 02.785	E 008° 33.811	Germany	Baden-Württemberg	19
GCXF5X	Squeaks Cave	N 45° 21.517	E 000° 31.202	France	Nouvelle-Aquitaine	38
GCXJ4A	Josephs stone (Aragonit cave)	N 49° 31.888	E 017° 44.695	Czechia	Olomoucký kraj	441
GCY928	Dripstone Cave at Abaliget (GCABAL)	N 46° 08.082	E 018° 06.977	Hungary	Baranya	218
GC28C0	Schaad's Pirate Cave	N 46° 44.073	E 007° 20.825	Switzerland	Bern	182
GC2E7D	Cave of Turul	N 47° 35.808	E 018° 24.519	Hungary	Komárom-Esztergom	273
GC2GY8H	Marble Cave (Mramornoe)	N 44° 47.463	E 034° 16.954	Ukraine	Autonomous Republic of Crimea	32
GC3993	Hideout Cave	N 50° 54.633	E 014° 16.827	Germany	Sachsen	134
GC5799	Close to the Dryads cave	N 48° 25.767	E 002° 39.240	France	Île-de-France	343
GCV3GW	CCC - Coprophagus' Cave Czernice geocache	N 49° 41.742	E 013° 24.586	Czechia	Plzeňský kraj	158
