,county,WNS_MAP_YR,WNS_STATUS,county.y,touching,county1.incidence,year,num_shared
1,St. Louis-Minnesota,2015-16,Confirmed,Douglas-Wisconsin,FALSE,0,2015,11
2,St. Louis-Minnesota,2015-16,Confirmed,Iron-Wisconsin,FALSE,0,2015,41
3,St. Louis-Minnesota,2015-16,Confirmed,Washington-Minnesota,FALSE,0,2015,104
4,St. Louis-Minnesota,2015-16,Confirmed,Iowa-Wisconsin,FALSE,0,2015,9
5,St. Louis-Minnesota,2015-16,Confirmed,Jackson-Iowa,FALSE,0,2015,7
6,St. Louis-Minnesota,2015-16,Confirmed,Taney-Missouri,FALSE,0,2015,8
7,St. Louis-Minnesota,2015-16,Confirmed,Benton-Arkansas,FALSE,0,2015,3
8,St. Louis-Minnesota,2015-16,Confirmed,Calhoun-Alabama,FALSE,0,2015,0
9,St. Louis-Minnesota,2015-16,Confirmed,Green-Wisconsin,FALSE,0,2015,7
10,Douglas-Wisconsin,2015-16,Confirmed,St. Louis-Minnesota,FALSE,0,2015,11
11,Douglas-Wisconsin,2015-16,Confirmed,Iron-Wisconsin,FALSE,0,2015,12
12,Douglas-Wisconsin,2015-16,Confirmed,Washington-Minnesota,FALSE,0,2015,4
13,Douglas-Wisconsin,2015-16,Confirmed,Iowa-Wisconsin,FALSE,0,2015,3
14,Douglas-Wisconsin,2015-16,Confirmed,Jackson-Iowa,FALSE,0,2015,0
15,Douglas-Wisconsin,2015-16,Confirmed,Taney-Missouri,FALSE,0,2015,2
16,Douglas-Wisconsin,2015-16,Confirmed,Benton-Arkansas,FALSE,0,2015,0
17,Douglas-Wisconsin,2015-16,Confirmed,Calhoun-Alabama,FALSE,0,2015,0
18,Douglas-Wisconsin,2015-16,Confirmed,Green-Wisconsin,FALSE,0,2015,2
19,Iron-Wisconsin,2015-16,Suspect,St. Louis-Minnesota,FALSE,1,2015,41
20,Iron-Wisconsin,2015-16,Suspect,Douglas-Wisconsin,FALSE,1,2015,12
21,Iron-Wisconsin,2015-16,Suspect,Washington-Minnesota,FALSE,1,2015,27
22,Iron-Wisconsin,2015-16,Suspect,Iowa-Wisconsin,FALSE,1,2015,22
23,Iron-Wisconsin,2015-16,Suspect,Jackson-Iowa,FALSE,1,2015,7
24,Iron-Wisconsin,2015-16,Suspect,Taney-Missouri,FALSE,1,2015,7
25,Iron-Wisconsin,2015-16,Suspect,Benton-Arkansas,FALSE,1,2015,4
26,Iron-Wisconsin,2015-16,Suspect,Calhoun-Alabama,FALSE,1,2015,0
27,Iron-Wisconsin,2015-16,Suspect,Green-Wisconsin,FALSE,1,2015,11
28,Oxford-Maine,2010-11,Confirmed,Fairfield-Connecticut,FALSE,0,2010,0
29,Oxford-Maine,2010-11,Confirmed,Monroe-Indiana,FALSE,0,2010,0
30,Oxford-Maine,2010-11,Confirmed,Crawford-Indiana,FALSE,0,2010,0
31,Oxford-Maine,2010-11,Confirmed,Roanoke-Virginia,FALSE,0,2010,0
32,Oxford-Maine,2010-11,Confirmed,Wise-Virginia,FALSE,0,2010,0
33,Oxford-Maine,2010-11,Confirmed,Montgomery-Tennessee,FALSE,0,2010,0
34,Oxford-Maine,2010-11,Confirmed,Yancey-North Carolina,FALSE,0,2010,0
35,Oxford-Maine,2010-11,Confirmed,Saint John-New Brunswick,FALSE,0,2010,0
36,Oxford-Maine,2010-11,Confirmed,Nipissing District (Part 1 Of)-Ontario,FALSE,0,2010,0
37,Oxford-Maine,2010-11,Confirmed,Halton Regional Municipality-Ontario,FALSE,0,2010,0
38,Oxford-Maine,2010-11,Confirmed,Haliburton-Ontario,FALSE,0,2010,0
39,Oxford-Maine,2010-11,Confirmed,Albert-New Brunswick,FALSE,0,2010,0
40,Oxford-Maine,2010-11,Confirmed,Hants-Nova Scotia,FALSE,0,2010,0
41,Oxford-Maine,2010-11,Confirmed,Kings-Nova Scotia,FALSE,0,2010,0
42,Washington-Minnesota,2015-16,Confirmed,St. Louis-Minnesota,FALSE,0,2015,104
43,Washington-Minnesota,2015-16,Confirmed,Douglas-Wisconsin,FALSE,0,2015,4
44,Washington-Minnesota,2015-16,Confirmed,Iron-Wisconsin,FALSE,0,2015,27
45,Washington-Minnesota,2015-16,Confirmed,Iowa-Wisconsin,FALSE,0,2015,9
46,Washington-Minnesota,2015-16,Confirmed,Jackson-Iowa,FALSE,0,2015,9
47,Washington-Minnesota,2015-16,Confirmed,Taney-Missouri,FALSE,0,2015,3
48,Washington-Minnesota,2015-16,Confirmed,Benton-Arkansas,FALSE,0,2015,3
49,Washington-Minnesota,2015-16,Confirmed,Calhoun-Alabama,FALSE,0,2015,0
50,Washington-Minnesota,2015-16,Confirmed,Green-Wisconsin,FALSE,0,2015,7
51,Essex-New York,2007-08,Confirmed,Bennington-Vermont,FALSE,0,2007,2
52,Essex-New York,2007-08,Confirmed,Franklin-Massachusetts,FALSE,0,2007,0
53,Essex-New York,2007-08,Confirmed,Ulster-New York,FALSE,0,2007,4
54,Essex-New York,2007-08,Confirmed,Litchfield-Connecticut,FALSE,0,2007,1
55,Hamilton-New York,2008-09,Confirmed,Middlesex-Massachusetts,FALSE,0,2008,0
56,Hamilton-New York,2008-09,Confirmed,Hartford-Connecticut,FALSE,0,2008,2
57,Hamilton-New York,2008-09,Confirmed,Putnam-New York,FALSE,0,2008,1
58,Hamilton-New York,2008-09,Confirmed,Luzerne-Pennsylvania,FALSE,0,2008,0
59,Hamilton-New York,2008-09,Confirmed,Centre-Pennsylvania,FALSE,0,2008,0
60,Hamilton-New York,2008-09,Confirmed,Warren-New Jersey,FALSE,0,2008,0
61,Hamilton-New York,2008-09,Confirmed,Morris-New Jersey,FALSE,0,2008,4
62,Hamilton-New York,2008-09,Confirmed,Giles-Virginia,FALSE,0,2008,0
63,Hamilton-New York,2008-09,Confirmed,Smyth-Virginia,FALSE,0,2008,0
64,Fillmore-Minnesota,2016-17,Confirmed,Shelby-Alabama,FALSE,0,2016,0
65,Fillmore-Minnesota,2016-17,Confirmed,Itasca-Minnesota,FALSE,0,2016,31
66,Fillmore-Minnesota,2016-17,Confirmed,Lancaster-Nebraska,FALSE,0,2016,1
67,Fillmore-Minnesota,2016-17,Confirmed,Blount-Alabama,FALSE,0,2016,0
68,Bennington-Vermont,2007-08,Confirmed,Essex-New York,FALSE,0,2007,2
69,Bennington-Vermont,2007-08,Confirmed,Franklin-Massachusetts,TRUE,0,2007,4
70,Bennington-Vermont,2007-08,Confirmed,Ulster-New York,FALSE,0,2007,1
71,Bennington-Vermont,2007-08,Confirmed,Litchfield-Connecticut,FALSE,0,2007,9
72,Iowa-Wisconsin,2015-16,Confirmed,St. Louis-Minnesota,FALSE,0,2015,9
73,Iowa-Wisconsin,2015-16,Confirmed,Douglas-Wisconsin,FALSE,0,2015,3
74,Iowa-Wisconsin,2015-16,Confirmed,Iron-Wisconsin,FALSE,0,2015,22
75,Iowa-Wisconsin,2015-16,Confirmed,Washington-Minnesota,FALSE,0,2015,9
76,Iowa-Wisconsin,2015-16,Confirmed,Jackson-Iowa,FALSE,0,2015,13
77,Iowa-Wisconsin,2015-16,Confirmed,Taney-Missouri,FALSE,0,2015,0
78,Iowa-Wisconsin,2015-16,Confirmed,Benton-Arkansas,FALSE,0,2015,0
79,Iowa-Wisconsin,2015-16,Confirmed,Calhoun-Alabama,FALSE,0,2015,0
80,Iowa-Wisconsin,2015-16,Confirmed,Green-Wisconsin,TRUE,0,2015,40
81,Franklin-Massachusetts,2007-08,Confirmed,Essex-New York,FALSE,0,2007,0
82,Franklin-Massachusetts,2007-08,Confirmed,Bennington-Vermont,TRUE,0,2007,4
83,Franklin-Massachusetts,2007-08,Confirmed,Ulster-New York,FALSE,0,2007,0
84,Franklin-Massachusetts,2007-08,Confirmed,Litchfield-Connecticut,FALSE,0,2007,4
85,Middlesex-Massachusetts,2008-09,Suspect,Hamilton-New York,FALSE,1,2008,0
86,Middlesex-Massachusetts,2008-09,Suspect,Hartford-Connecticut,FALSE,1,2008,2
87,Middlesex-Massachusetts,2008-09,Suspect,Putnam-New York,FALSE,1,2008,0
88,Middlesex-Massachusetts,2008-09,Suspect,Luzerne-Pennsylvania,FALSE,1,2008,0
89,Middlesex-Massachusetts,2008-09,Suspect,Centre-Pennsylvania,FALSE,1,2008,0
90,Middlesex-Massachusetts,2008-09,Suspect,Warren-New Jersey,FALSE,1,2008,0
91,Middlesex-Massachusetts,2008-09,Suspect,Morris-New Jersey,FALSE,1,2008,1
92,Middlesex-Massachusetts,2008-09,Suspect,Giles-Virginia,FALSE,1,2008,0
93,Middlesex-Massachusetts,2008-09,Suspect,Smyth-Virginia,FALSE,1,2008,0
94,Jackson-Iowa,2015-16,Confirmed,St. Louis-Minnesota,FALSE,0,2015,7
95,Jackson-Iowa,2015-16,Confirmed,Douglas-Wisconsin,FALSE,0,2015,0
96,Jackson-Iowa,2015-16,Confirmed,Iron-Wisconsin,FALSE,0,2015,7
97,Jackson-Iowa,2015-16,Confirmed,Washington-Minnesota,FALSE,0,2015,9
98,Jackson-Iowa,2015-16,Confirmed,Iowa-Wisconsin,FALSE,0,2015,13
99,Jackson-Iowa,2015-16,Confirmed,Taney-Missouri,FALSE,0,2015,0
100,Jackson-Iowa,2015-16,Confirmed,Benton-Arkansas,FALSE,0,2015,0
101,Jackson-Iowa,2015-16,Confirmed,Calhoun-Alabama,FALSE,0,2015,0
102,Jackson-Iowa,2015-16,Confirmed,Green-Wisconsin,FALSE,0,2015,4
103,Ulster-New York,2007-08,Confirmed,Essex-New York,FALSE,0,2007,4
104,Ulster-New York,2007-08,Confirmed,Bennington-Vermont,FALSE,0,2007,1
105,Ulster-New York,2007-08,Confirmed,Franklin-Massachusetts,FALSE,0,2007,0
106,Ulster-New York,2007-08,Confirmed,Litchfield-Connecticut,FALSE,0,2007,10
107,Litchfield-Connecticut,2007-08,Confirmed,Essex-New York,FALSE,0,2007,1
108,Litchfield-Connecticut,2007-08,Confirmed,Bennington-Vermont,FALSE,0,2007,9
109,Litchfield-Connecticut,2007-08,Confirmed,Franklin-Massachusetts,FALSE,0,2007,4
110,Litchfield-Connecticut,2007-08,Confirmed,Ulster-New York,FALSE,0,2007,10
111,Hartford-Connecticut,2008-09,Confirmed,Hamilton-New York,FALSE,0,2008,2
112,Hartford-Connecticut,2008-09,Confirmed,Middlesex-Massachusetts,FALSE,0,2008,2
113,Hartford-Connecticut,2008-09,Confirmed,Putnam-New York,FALSE,0,2008,11
114,Hartford-Connecticut,2008-09,Confirmed,Luzerne-Pennsylvania,FALSE,0,2008,0
115,Hartford-Connecticut,2008-09,Confirmed,Centre-Pennsylvania,FALSE,0,2008,2
116,Hartford-Connecticut,2008-09,Confirmed,Warren-New Jersey,FALSE,0,2008,1
117,Hartford-Connecticut,2008-09,Confirmed,Morris-New Jersey,FALSE,0,2008,2
118,Hartford-Connecticut,2008-09,Confirmed,Giles-Virginia,FALSE,0,2008,0
119,Hartford-Connecticut,2008-09,Confirmed,Smyth-Virginia,FALSE,0,2008,0
120,Fairfield-Connecticut,2010-11,Confirmed,Oxford-Maine,FALSE,0,2010,0
121,Fairfield-Connecticut,2010-11,Confirmed,Monroe-Indiana,FALSE,0,2010,0
122,Fairfield-Connecticut,2010-11,Confirmed,Crawford-Indiana,FALSE,0,2010,0
123,Fairfield-Connecticut,2010-11,Confirmed,Roanoke-Virginia,FALSE,0,2010,0
124,Fairfield-Connecticut,2010-11,Confirmed,Wise-Virginia,FALSE,0,2010,0
125,Fairfield-Connecticut,2010-11,Confirmed,Montgomery-Tennessee,FALSE,0,2010,0
126,Fairfield-Connecticut,2010-11,Confirmed,Yancey-North Carolina,FALSE,0,2010,0
127,Fairfield-Connecticut,2010-11,Confirmed,Saint John-New Brunswick,FALSE,0,2010,0
128,Fairfield-Connecticut,2010-11,Confirmed,Nipissing District (Part 1 Of)-Ontario,FALSE,0,2010,0
129,Fairfield-Connecticut,2010-11,Confirmed,Halton Regional Municipality-Ontario,FALSE,0,2010,0
130,Fairfield-Connecticut,2010-11,Confirmed,Haliburton-Ontario,FALSE,0,2010,0
131,Fairfield-Connecticut,2010-11,Confirmed,Albert-New Brunswick,FALSE,0,2010,0
132,Fairfield-Connecticut,2010-11,Confirmed,Hants-Nova Scotia,FALSE,0,2010,0
133,Fairfield-Connecticut,2010-11,Confirmed,Kings-Nova Scotia,FALSE,0,2010,0
134,Orange-New York,2009-10,Confirmed,Monroe-Pennsylvania,FALSE,0,2009,0
135,Orange-New York,2009-10,Confirmed,Blair-Pennsylvania,FALSE,0,2009,0
136,Orange-New York,2009-10,Confirmed,Huntingdon-Pennsylvania,FALSE,0,2009,4
137,Orange-New York,2009-10,Confirmed,Greenbrier-West Virginia,FALSE,0,2009,0
138,Orange-New York,2009-10,Confirmed,Shannon-Missouri,FALSE,0,2009,0
139,Orange-New York,2009-10,Confirmed,Sullivan-Tennessee,FALSE,0,2009,0
140,Orange-New York,2009-10,Confirmed,Hastings-Ontario,FALSE,0,2009,0
141,Orange-New York,2009-10,Confirmed,Les Collines-De-L'Outaouais-Quebec,FALSE,0,2009,1
142,Cuyahoga-Ohio,2011-12,Confirmed,Clearfield-Pennsylvania,FALSE,0,2011,5
143,Cuyahoga-Ohio,2011-12,Confirmed,Hancock-Tennessee,FALSE,0,2011,0
144,Cuyahoga-Ohio,2011-12,Confirmed,Hamilton-Tennessee,FALSE,0,2011,4
145,Cuyahoga-Ohio,2011-12,Confirmed,Jackson-Alabama,FALSE,0,2011,4
146,Cuyahoga-Ohio,2011-12,Confirmed,Warren-Pennsylvania,FALSE,0,2011,7
147,Cuyahoga-Ohio,2011-12,Confirmed,Wellington-Ontario,FALSE,0,2011,3
148,Cuyahoga-Ohio,2011-12,Confirmed,Colchester-Nova Scotia,FALSE,0,2011,0
149,Cuyahoga-Ohio,2011-12,Confirmed,Westmorland-New Brunswick,FALSE,0,2011,1
150,Cuyahoga-Ohio,2011-12,Confirmed,Kings-New Brunswick,FALSE,0,2011,3
151,Putnam-New York,2008-09,Confirmed,Hamilton-New York,FALSE,0,2008,1
152,Putnam-New York,2008-09,Confirmed,Middlesex-Massachusetts,FALSE,0,2008,0
153,Putnam-New York,2008-09,Confirmed,Hartford-Connecticut,FALSE,0,2008,11
154,Putnam-New York,2008-09,Confirmed,Luzerne-Pennsylvania,FALSE,0,2008,0
155,Putnam-New York,2008-09,Confirmed,Centre-Pennsylvania,FALSE,0,2008,1
156,Putnam-New York,2008-09,Confirmed,Warren-New Jersey,FALSE,0,2008,6
157,Putnam-New York,2008-09,Confirmed,Morris-New Jersey,FALSE,0,2008,9
158,Putnam-New York,2008-09,Confirmed,Giles-Virginia,FALSE,0,2008,0
159,Putnam-New York,2008-09,Confirmed,Smyth-Virginia,FALSE,0,2008,0
160,Luzerne-Pennsylvania,2008-09,Confirmed,Hamilton-New York,FALSE,0,2008,0
161,Luzerne-Pennsylvania,2008-09,Confirmed,Middlesex-Massachusetts,FALSE,0,2008,0
162,Luzerne-Pennsylvania,2008-09,Confirmed,Hartford-Connecticut,FALSE,0,2008,0
163,Luzerne-Pennsylvania,2008-09,Confirmed,Putnam-New York,FALSE,0,2008,0
164,Luzerne-Pennsylvania,2008-09,Confirmed,Centre-Pennsylvania,FALSE,0,2008,1
165,Luzerne-Pennsylvania,2008-09,Confirmed,Warren-New Jersey,FALSE,0,2008,0
166,Luzerne-Pennsylvania,2008-09,Confirmed,Morris-New Jersey,FALSE,0,2008,1
167,Luzerne-Pennsylvania,2008-09,Confirmed,Giles-Virginia,FALSE,0,2008,0
168,Luzerne-Pennsylvania,2008-09,Confirmed,Smyth-Virginia,FALSE,0,2008,0
169,Centre-Pennsylvania,2008-09,Confirmed,Hamilton-New York,FALSE,0,2008,0
170,Centre-Pennsylvania,2008-09,Confirmed,Middlesex-Massachusetts,FALSE,0,2008,0
171,Centre-Pennsylvania,2008-09,Confirmed,Hartford-Connecticut,FALSE,0,2008,2
172,Centre-Pennsylvania,2008-09,Confirmed,Putnam-New York,FALSE,0,2008,1
173,Centre-Pennsylvania,2008-09,Confirmed,Luzerne-Pennsylvania,FALSE,0,2008,1
174,Centre-Pennsylvania,2008-09,Confirmed,Warren-New Jersey,FALSE,0,2008,3
175,Centre-Pennsylvania,2008-09,Confirmed,Morris-New Jersey,FALSE,0,2008,13
176,Centre-Pennsylvania,2008-09,Confirmed,Giles-Virginia,FALSE,0,2008,0
177,Centre-Pennsylvania,2008-09,Confirmed,Smyth-Virginia,FALSE,0,2008,0
178,Clearfield-Pennsylvania,2011-12,Confirmed,Cuyahoga-Ohio,FALSE,0,2011,5
179,Clearfield-Pennsylvania,2011-12,Confirmed,Hancock-Tennessee,FALSE,0,2011,0
180,Clearfield-Pennsylvania,2011-12,Confirmed,Hamilton-Tennessee,FALSE,0,2011,0
181,Clearfield-Pennsylvania,2011-12,Confirmed,Jackson-Alabama,FALSE,0,2011,1
182,Clearfield-Pennsylvania,2011-12,Confirmed,Warren-Pennsylvania,FALSE,0,2011,12
183,Clearfield-Pennsylvania,2011-12,Confirmed,Wellington-Ontario,FALSE,0,2011,5
184,Clearfield-Pennsylvania,2011-12,Confirmed,Colchester-Nova Scotia,FALSE,0,2011,0
185,Clearfield-Pennsylvania,2011-12,Confirmed,Westmorland-New Brunswick,FALSE,0,2011,0
186,Clearfield-Pennsylvania,2011-12,Confirmed,Kings-New Brunswick,FALSE,0,2011,0
187,Monroe-Pennsylvania,2009-10,Confirmed,Orange-New York,FALSE,0,2009,0
188,Monroe-Pennsylvania,2009-10,Confirmed,Blair-Pennsylvania,FALSE,0,2009,0
189,Monroe-Pennsylvania,2009-10,Confirmed,Huntingdon-Pennsylvania,FALSE,0,2009,0
190,Monroe-Pennsylvania,2009-10,Confirmed,Greenbrier-West Virginia,FALSE,0,2009,0
191,Monroe-Pennsylvania,2009-10,Confirmed,Shannon-Missouri,FALSE,0,2009,0
192,Monroe-Pennsylvania,2009-10,Confirmed,Sullivan-Tennessee,FALSE,0,2009,0
193,Monroe-Pennsylvania,2009-10,Confirmed,Hastings-Ontario,FALSE,0,2009,0
194,Monroe-Pennsylvania,2009-10,Confirmed,Les Collines-De-L'Outaouais-Quebec,FALSE,0,2009,0
195,Warren-New Jersey,2008-09,Confirmed,Hamilton-New York,FALSE,0,2008,0
196,Warren-New Jersey,2008-09,Confirmed,Middlesex-Massachusetts,FALSE,0,2008,0
197,Warren-New Jersey,2008-09,Confirmed,Hartford-Connecticut,FALSE,0,2008,1
198,Warren-New Jersey,2008-09,Confirmed,Putnam-New York,FALSE,0,2008,6
199,Warren-New Jersey,2008-09,Confirmed,Luzerne-Pennsylvania,FALSE,0,2008,0
200,Warren-New Jersey,2008-09,Confirmed,Centre-Pennsylvania,FALSE,0,2008,3
201,Warren-New Jersey,2008-09,Confirmed,Morris-New Jersey,TRUE,0,2008,22
202,Warren-New Jersey,2008-09,Confirmed,Giles-Virginia,FALSE,0,2008,0
203,Warren-New Jersey,2008-09,Confirmed,Smyth-Virginia,FALSE,0,2008,0
204,Morris-New Jersey,2008-09,Confirmed,Hamilton-New York,FALSE,0,2008,4
205,Morris-New Jersey,2008-09,Confirmed,Middlesex-Massachusetts,FALSE,0,2008,1
206,Morris-New Jersey,2008-09,Confirmed,Hartford-Connecticut,FALSE,0,2008,2
207,Morris-New Jersey,2008-09,Confirmed,Putnam-New York,FALSE,0,2008,9
208,Morris-New Jersey,2008-09,Confirmed,Luzerne-Pennsylvania,FALSE,0,2008,1
209,Morris-New Jersey,2008-09,Confirmed,Centre-Pennsylvania,FALSE,0,2008,13
210,Morris-New Jersey,2008-09,Confirmed,Warren-New Jersey,TRUE,0,2008,22
211,Morris-New Jersey,2008-09,Confirmed,Giles-Virginia,FALSE,0,2008,0
212,Morris-New Jersey,2008-09,Confirmed,Smyth-Virginia,FALSE,0,2008,0
213,Des Moines-Iowa,2014-15,Confirmed,St. Louis-Missouri,FALSE,0,2014,17
214,Des Moines-Iowa,2014-15,Confirmed,Phelps-Missouri,FALSE,0,2014,7
215,Des Moines-Iowa,2014-15,Confirmed,Wright-Missouri,FALSE,0,2014,0
216,Des Moines-Iowa,2014-15,Confirmed,Independence-Arkansas,FALSE,0,2014,0
217,Des Moines-Iowa,2014-15,Confirmed,Garland-Arkansas,FALSE,0,2014,0
218,Des Moines-Iowa,2014-15,Confirmed,Floyd-Georgia,FALSE,0,2014,0
219,Des Moines-Iowa,2014-15,Confirmed,Houghton-Michigan,FALSE,0,2014,2
220,Des Moines-Iowa,2014-15,Confirmed,La Côte-De-Gaspé-Quebec,FALSE,0,2014,1
221,Blair-Pennsylvania,2009-10,Confirmed,Orange-New York,FALSE,0,2009,0
222,Blair-Pennsylvania,2009-10,Confirmed,Monroe-Pennsylvania,FALSE,0,2009,0
223,Blair-Pennsylvania,2009-10,Confirmed,Huntingdon-Pennsylvania,TRUE,0,2009,24
224,Blair-Pennsylvania,2009-10,Confirmed,Greenbrier-West Virginia,FALSE,0,2009,1
225,Blair-Pennsylvania,2009-10,Confirmed,Shannon-Missouri,FALSE,0,2009,0
226,Blair-Pennsylvania,2009-10,Confirmed,Sullivan-Tennessee,FALSE,0,2009,1
227,Blair-Pennsylvania,2009-10,Confirmed,Hastings-Ontario,FALSE,0,2009,0
228,Blair-Pennsylvania,2009-10,Confirmed,Les Collines-De-L'Outaouais-Quebec,FALSE,0,2009,1
229,Huntingdon-Pennsylvania,2009-10,Confirmed,Orange-New York,FALSE,0,2009,4
230,Huntingdon-Pennsylvania,2009-10,Confirmed,Monroe-Pennsylvania,FALSE,0,2009,0
231,Huntingdon-Pennsylvania,2009-10,Confirmed,Blair-Pennsylvania,TRUE,0,2009,24
232,Huntingdon-Pennsylvania,2009-10,Confirmed,Greenbrier-West Virginia,FALSE,0,2009,9
233,Huntingdon-Pennsylvania,2009-10,Confirmed,Shannon-Missouri,FALSE,0,2009,0
234,Huntingdon-Pennsylvania,2009-10,Confirmed,Sullivan-Tennessee,FALSE,0,2009,6
235,Huntingdon-Pennsylvania,2009-10,Confirmed,Hastings-Ontario,FALSE,0,2009,0
236,Huntingdon-Pennsylvania,2009-10,Confirmed,Les Collines-De-L'Outaouais-Quebec,FALSE,0,2009,0
237,Marion-Missouri,2013-14,Suspect,Hocking-Ohio,FALSE,1,2013,4
238,Marion-Missouri,2013-14,Suspect,Hardin-Kentucky,FALSE,1,2013,3
239,Marion-Missouri,2013-14,Suspect,Maury-Tennessee,FALSE,1,2013,5
240,Marion-Missouri,2013-14,Suspect,Bartow-Georgia,FALSE,1,2013,1
241,Marion-Missouri,2013-14,Suspect,Polk-Georgia,FALSE,1,2013,0
242,Marion-Missouri,2013-14,Suspect,Keweenaw-Michigan,FALSE,1,2013,16
243,Marion-Missouri,2013-14,Suspect,Ontonagon-Michigan,FALSE,1,2013,12
244,Marion-Missouri,2013-14,Suspect,York-New Brunswick,FALSE,1,2013,0
245,Marion-Missouri,2013-14,Suspect,Inverness-Nova Scotia,FALSE,1,2013,0
246,Hocking-Ohio,2013-14,Confirmed,Marion-Missouri,FALSE,0,2013,4
247,Hocking-Ohio,2013-14,Confirmed,Hardin-Kentucky,FALSE,0,2013,4
248,Hocking-Ohio,2013-14,Confirmed,Maury-Tennessee,FALSE,0,2013,1
249,Hocking-Ohio,2013-14,Confirmed,Bartow-Georgia,FALSE,0,2013,0
250,Hocking-Ohio,2013-14,Confirmed,Polk-Georgia,FALSE,0,2013,0
251,Hocking-Ohio,2013-14,Confirmed,Keweenaw-Michigan,FALSE,0,2013,3
252,Hocking-Ohio,2013-14,Confirmed,Ontonagon-Michigan,FALSE,0,2013,2
253,Hocking-Ohio,2013-14,Confirmed,York-New Brunswick,FALSE,0,2013,0
254,Hocking-Ohio,2013-14,Confirmed,Inverness-Nova Scotia,FALSE,0,2013,0
255,Monroe-Indiana,2010-11,Confirmed,Oxford-Maine,FALSE,0,2010,0
256,Monroe-Indiana,2010-11,Confirmed,Fairfield-Connecticut,FALSE,0,2010,0
257,Monroe-Indiana,2010-11,Confirmed,Crawford-Indiana,FALSE,0,2010,1
258,Monroe-Indiana,2010-11,Confirmed,Roanoke-Virginia,FALSE,0,2010,0
259,Monroe-Indiana,2010-11,Confirmed,Wise-Virginia,FALSE,0,2010,0
260,Monroe-Indiana,2010-11,Confirmed,Montgomery-Tennessee,FALSE,0,2010,0
261,Monroe-Indiana,2010-11,Confirmed,Yancey-North Carolina,FALSE,0,2010,0
262,Monroe-Indiana,2010-11,Confirmed,Saint John-New Brunswick,FALSE,0,2010,0
263,Monroe-Indiana,2010-11,Confirmed,Nipissing District (Part 1 Of)-Ontario,FALSE,0,2010,0
264,Monroe-Indiana,2010-11,Confirmed,Halton Regional Municipality-Ontario,FALSE,0,2010,0
265,Monroe-Indiana,2010-11,Confirmed,Haliburton-Ontario,FALSE,0,2010,0
266,Monroe-Indiana,2010-11,Confirmed,Albert-New Brunswick,FALSE,0,2010,0
267,Monroe-Indiana,2010-11,Confirmed,Hants-Nova Scotia,FALSE,0,2010,0
268,Monroe-Indiana,2010-11,Confirmed,Kings-Nova Scotia,FALSE,0,2010,0
269,St. Louis-Missouri,2014-15,Suspect,Des Moines-Iowa,FALSE,1,2014,17
270,St. Louis-Missouri,2014-15,Suspect,Phelps-Missouri,FALSE,1,2014,37
271,St. Louis-Missouri,2014-15,Suspect,Wright-Missouri,FALSE,1,2014,4
272,St. Louis-Missouri,2014-15,Suspect,Independence-Arkansas,FALSE,1,2014,0
273,St. Louis-Missouri,2014-15,Suspect,Garland-Arkansas,FALSE,1,2014,0
274,St. Louis-Missouri,2014-15,Suspect,Floyd-Georgia,FALSE,1,2014,1
275,St. Louis-Missouri,2014-15,Suspect,Houghton-Michigan,FALSE,1,2014,0
276,St. Louis-Missouri,2014-15,Suspect,La Côte-De-Gaspé-Quebec,FALSE,1,2014,1
277,Franklin-Missouri,2012-13,Confirmed,Monroe-Illinois,FALSE,0,2012,10
278,Franklin-Missouri,2012-13,Confirmed,Carter-Kentucky,FALSE,0,2012,0
279,Franklin-Missouri,2012-13,Confirmed,Washington-Missouri,TRUE,0,2012,20
280,Franklin-Missouri,2012-13,Confirmed,Meade-Kentucky,FALSE,0,2012,0
281,Franklin-Missouri,2012-13,Confirmed,Rockcastle-Kentucky,FALSE,0,2012,0
282,Franklin-Missouri,2012-13,Confirmed,Hart-Kentucky,FALSE,0,2012,0
283,Franklin-Missouri,2012-13,Confirmed,Pulaski-Kentucky,FALSE,0,2012,0
284,Franklin-Missouri,2012-13,Confirmed,Edmonson-Kentucky,FALSE,0,2012,0
285,Franklin-Missouri,2012-13,Confirmed,Letcher-Kentucky,FALSE,0,2012,0
286,Franklin-Missouri,2012-13,Confirmed,Warren-Kentucky,FALSE,0,2012,0
287,Franklin-Missouri,2012-13,Confirmed,Lee-Virginia,FALSE,0,2012,0
288,Franklin-Missouri,2012-13,Confirmed,White-Tennessee,FALSE,0,2012,0
289,Franklin-Missouri,2012-13,Confirmed,Warren-Tennessee,FALSE,0,2012,0
290,Franklin-Missouri,2012-13,Confirmed,Lewis-Tennessee,FALSE,0,2012,0
291,Franklin-Missouri,2012-13,Confirmed,Marion-Tennessee,FALSE,0,2012,0
292,Monroe-Illinois,2012-13,Confirmed,Franklin-Missouri,FALSE,0,2012,10
293,Monroe-Illinois,2012-13,Confirmed,Carter-Kentucky,FALSE,0,2012,0
294,Monroe-Illinois,2012-13,Confirmed,Washington-Missouri,FALSE,0,2012,19
295,Monroe-Illinois,2012-13,Confirmed,Meade-Kentucky,FALSE,0,2012,0
296,Monroe-Illinois,2012-13,Confirmed,Rockcastle-Kentucky,FALSE,0,2012,0
297,Monroe-Illinois,2012-13,Confirmed,Hart-Kentucky,FALSE,0,2012,0
298,Monroe-Illinois,2012-13,Confirmed,Pulaski-Kentucky,FALSE,0,2012,0
299,Monroe-Illinois,2012-13,Confirmed,Edmonson-Kentucky,FALSE,0,2012,0
300,Monroe-Illinois,2012-13,Confirmed,Letcher-Kentucky,FALSE,0,2012,0
301,Monroe-Illinois,2012-13,Confirmed,Warren-Kentucky,FALSE,0,2012,0
302,Monroe-Illinois,2012-13,Confirmed,Lee-Virginia,FALSE,0,2012,0
303,Monroe-Illinois,2012-13,Confirmed,White-Tennessee,FALSE,0,2012,0
304,Monroe-Illinois,2012-13,Confirmed,Warren-Tennessee,FALSE,0,2012,0
305,Monroe-Illinois,2012-13,Confirmed,Lewis-Tennessee,FALSE,0,2012,0
306,Monroe-Illinois,2012-13,Confirmed,Marion-Tennessee,FALSE,0,2012,0
307,Carter-Kentucky,2012-13,Confirmed,Franklin-Missouri,FALSE,0,2012,0
308,Carter-Kentucky,2012-13,Confirmed,Monroe-Illinois,FALSE,0,2012,0
309,Carter-Kentucky,2012-13,Confirmed,Washington-Missouri,FALSE,0,2012,2
310,Carter-Kentucky,2012-13,Confirmed,Meade-Kentucky,FALSE,0,2012,2
311,Carter-Kentucky,2012-13,Confirmed,Rockcastle-Kentucky,FALSE,0,2012,5
312,Carter-Kentucky,2012-13,Confirmed,Hart-Kentucky,FALSE,0,2012,4
313,Carter-Kentucky,2012-13,Confirmed,Pulaski-Kentucky,FALSE,0,2012,0
314,Carter-Kentucky,2012-13,Confirmed,Edmonson-Kentucky,FALSE,0,2012,8
315,Carter-Kentucky,2012-13,Confirmed,Letcher-Kentucky,FALSE,0,2012,9
316,Carter-Kentucky,2012-13,Confirmed,Warren-Kentucky,FALSE,0,2012,6
317,Carter-Kentucky,2012-13,Confirmed,Lee-Virginia,FALSE,0,2012,4
318,Carter-Kentucky,2012-13,Confirmed,White-Tennessee,FALSE,0,2012,1
319,Carter-Kentucky,2012-13,Confirmed,Warren-Tennessee,FALSE,0,2012,0
320,Carter-Kentucky,2012-13,Confirmed,Lewis-Tennessee,FALSE,0,2012,5
321,Carter-Kentucky,2012-13,Confirmed,Marion-Tennessee,FALSE,0,2012,4
322,Crawford-Indiana,2010-11,Confirmed,Oxford-Maine,FALSE,0,2010,0
323,Crawford-Indiana,2010-11,Confirmed,Fairfield-Connecticut,FALSE,0,2010,0
324,Crawford-Indiana,2010-11,Confirmed,Monroe-Indiana,FALSE,0,2010,1
325,Crawford-Indiana,2010-11,Confirmed,Roanoke-Virginia,FALSE,0,2010,1
326,Crawford-Indiana,2010-11,Confirmed,Wise-Virginia,FALSE,0,2010,0
327,Crawford-Indiana,2010-11,Confirmed,Montgomery-Tennessee,FALSE,0,2010,2
328,Crawford-Indiana,2010-11,Confirmed,Yancey-North Carolina,FALSE,0,2010,1
329,Crawford-Indiana,2010-11,Confirmed,Saint John-New Brunswick,FALSE,0,2010,0
330,Crawford-Indiana,2010-11,Confirmed,Nipissing District (Part 1 Of)-Ontario,FALSE,0,2010,0
331,Crawford-Indiana,2010-11,Confirmed,Halton Regional Municipality-Ontario,FALSE,0,2010,0
332,Crawford-Indiana,2010-11,Confirmed,Haliburton-Ontario,FALSE,0,2010,0
333,Crawford-Indiana,2010-11,Confirmed,Albert-New Brunswick,FALSE,0,2010,0
334,Crawford-Indiana,2010-11,Confirmed,Hants-Nova Scotia,FALSE,0,2010,1
335,Crawford-Indiana,2010-11,Confirmed,Kings-Nova Scotia,FALSE,0,2010,0
336,Greenbrier-West Virginia,2009-10,Confirmed,Orange-New York,FALSE,0,2009,0
337,Greenbrier-West Virginia,2009-10,Confirmed,Monroe-Pennsylvania,FALSE,0,2009,0
338,Greenbrier-West Virginia,2009-10,Confirmed,Blair-Pennsylvania,FALSE,0,2009,1
339,Greenbrier-West Virginia,2009-10,Confirmed,Huntingdon-Pennsylvania,FALSE,0,2009,9
340,Greenbrier-West Virginia,2009-10,Confirmed,Shannon-Missouri,FALSE,0,2009,1
341,Greenbrier-West Virginia,2009-10,Confirmed,Sullivan-Tennessee,FALSE,0,2009,7
342,Greenbrier-West Virginia,2009-10,Confirmed,Hastings-Ontario,FALSE,0,2009,0
343,Greenbrier-West Virginia,2009-10,Confirmed,Les Collines-De-L'Outaouais-Quebec,FALSE,0,2009,1
344,Washington-Missouri,2012-13,Confirmed,Franklin-Missouri,TRUE,0,2012,20
345,Washington-Missouri,2012-13,Confirmed,Monroe-Illinois,FALSE,0,2012,19
346,Washington-Missouri,2012-13,Confirmed,Carter-Kentucky,FALSE,0,2012,2
347,Washington-Missouri,2012-13,Confirmed,Meade-Kentucky,FALSE,0,2012,0
348,Washington-Missouri,2012-13,Confirmed,Rockcastle-Kentucky,FALSE,0,2012,1
349,Washington-Missouri,2012-13,Confirmed,Hart-Kentucky,FALSE,0,2012,2
350,Washington-Missouri,2012-13,Confirmed,Pulaski-Kentucky,FALSE,0,2012,0
351,Washington-Missouri,2012-13,Confirmed,Edmonson-Kentucky,FALSE,0,2012,4
352,Washington-Missouri,2012-13,Confirmed,Letcher-Kentucky,FALSE,0,2012,0
353,Washington-Missouri,2012-13,Confirmed,Warren-Kentucky,FALSE,0,2012,3
354,Washington-Missouri,2012-13,Confirmed,Lee-Virginia,FALSE,0,2012,1
355,Washington-Missouri,2012-13,Confirmed,White-Tennessee,FALSE,0,2012,0
356,Washington-Missouri,2012-13,Confirmed,Warren-Tennessee,FALSE,0,2012,0
357,Washington-Missouri,2012-13,Confirmed,Lewis-Tennessee,FALSE,0,2012,2
358,Washington-Missouri,2012-13,Confirmed,Marion-Tennessee,FALSE,0,2012,1
359,Meade-Kentucky,2012-13,Confirmed,Franklin-Missouri,FALSE,0,2012,0
360,Meade-Kentucky,2012-13,Confirmed,Monroe-Illinois,FALSE,0,2012,0
361,Meade-Kentucky,2012-13,Confirmed,Carter-Kentucky,FALSE,0,2012,2
362,Meade-Kentucky,2012-13,Confirmed,Washington-Missouri,FALSE,0,2012,0
363,Meade-Kentucky,2012-13,Confirmed,Rockcastle-Kentucky,FALSE,0,2012,1
364,Meade-Kentucky,2012-13,Confirmed,Hart-Kentucky,FALSE,0,2012,0
365,Meade-Kentucky,2012-13,Confirmed,Pulaski-Kentucky,FALSE,0,2012,0
366,Meade-Kentucky,2012-13,Confirmed,Edmonson-Kentucky,FALSE,0,2012,3
367,Meade-Kentucky,2012-13,Confirmed,Letcher-Kentucky,FALSE,0,2012,3
368,Meade-Kentucky,2012-13,Confirmed,Warren-Kentucky,FALSE,0,2012,2
369,Meade-Kentucky,2012-13,Confirmed,Lee-Virginia,FALSE,0,2012,1
370,Meade-Kentucky,2012-13,Confirmed,White-Tennessee,FALSE,0,2012,0
371,Meade-Kentucky,2012-13,Confirmed,Warren-Tennessee,FALSE,0,2012,0
372,Meade-Kentucky,2012-13,Confirmed,Lewis-Tennessee,FALSE,0,2012,0
373,Meade-Kentucky,2012-13,Confirmed,Marion-Tennessee,FALSE,0,2012,2
374,Phelps-Missouri,2014-15,Suspect,Des Moines-Iowa,FALSE,1,2014,7
375,Phelps-Missouri,2014-15,Suspect,St. Louis-Missouri,FALSE,1,2014,37
376,Phelps-Missouri,2014-15,Suspect,Wright-Missouri,FALSE,1,2014,7
377,Phelps-Missouri,2014-15,Suspect,Independence-Arkansas,FALSE,1,2014,0
378,Phelps-Missouri,2014-15,Suspect,Garland-Arkansas,FALSE,1,2014,0
379,Phelps-Missouri,2014-15,Suspect,Floyd-Georgia,FALSE,1,2014,0
380,Phelps-Missouri,2014-15,Suspect,Houghton-Michigan,FALSE,1,2014,1
381,Phelps-Missouri,2014-15,Suspect,La Côte-De-Gaspé-Quebec,FALSE,1,2014,0
382,Hardin-Kentucky,2013-14,Suspect,Marion-Missouri,FALSE,1,2013,3
383,Hardin-Kentucky,2013-14,Suspect,Hocking-Ohio,FALSE,1,2013,4
384,Hardin-Kentucky,2013-14,Suspect,Maury-Tennessee,FALSE,1,2013,1
385,Hardin-Kentucky,2013-14,Suspect,Bartow-Georgia,FALSE,1,2013,2
386,Hardin-Kentucky,2013-14,Suspect,Polk-Georgia,FALSE,1,2013,0
387,Hardin-Kentucky,2013-14,Suspect,Keweenaw-Michigan,FALSE,1,2013,1
388,Hardin-Kentucky,2013-14,Suspect,Ontonagon-Michigan,FALSE,1,2013,0
389,Hardin-Kentucky,2013-14,Suspect,York-New Brunswick,FALSE,1,2013,0
390,Hardin-Kentucky,2013-14,Suspect,Inverness-Nova Scotia,FALSE,1,2013,0
391,Rockcastle-Kentucky,2012-13,Confirmed,Franklin-Missouri,FALSE,0,2012,0
392,Rockcastle-Kentucky,2012-13,Confirmed,Monroe-Illinois,FALSE,0,2012,0
393,Rockcastle-Kentucky,2012-13,Confirmed,Carter-Kentucky,FALSE,0,2012,5
394,Rockcastle-Kentucky,2012-13,Confirmed,Washington-Missouri,FALSE,0,2012,1
395,Rockcastle-Kentucky,2012-13,Confirmed,Meade-Kentucky,FALSE,0,2012,1
396,Rockcastle-Kentucky,2012-13,Confirmed,Hart-Kentucky,FALSE,0,2012,0
397,Rockcastle-Kentucky,2012-13,Confirmed,Pulaski-Kentucky,TRUE,0,2012,1
398,Rockcastle-Kentucky,2012-13,Confirmed,Edmonson-Kentucky,FALSE,0,2012,3
399,Rockcastle-Kentucky,2012-13,Confirmed,Letcher-Kentucky,FALSE,0,2012,3
400,Rockcastle-Kentucky,2012-13,Confirmed,Warren-Kentucky,FALSE,0,2012,2
401,Rockcastle-Kentucky,2012-13,Confirmed,Lee-Virginia,FALSE,0,2012,4
402,Rockcastle-Kentucky,2012-13,Confirmed,White-Tennessee,FALSE,0,2012,0
403,Rockcastle-Kentucky,2012-13,Confirmed,Warren-Tennessee,FALSE,0,2012,0
404,Rockcastle-Kentucky,2012-13,Confirmed,Lewis-Tennessee,FALSE,0,2012,1
405,Rockcastle-Kentucky,2012-13,Confirmed,Marion-Tennessee,FALSE,0,2012,2
406,Wright-Missouri,2014-15,Suspect,Des Moines-Iowa,FALSE,1,2014,0
407,Wright-Missouri,2014-15,Suspect,St. Louis-Missouri,FALSE,1,2014,4
408,Wright-Missouri,2014-15,Suspect,Phelps-Missouri,FALSE,1,2014,7
409,Wright-Missouri,2014-15,Suspect,Independence-Arkansas,FALSE,1,2014,0
410,Wright-Missouri,2014-15,Suspect,Garland-Arkansas,FALSE,1,2014,0
411,Wright-Missouri,2014-15,Suspect,Floyd-Georgia,FALSE,1,2014,0
412,Wright-Missouri,2014-15,Suspect,Houghton-Michigan,FALSE,1,2014,0
413,Wright-Missouri,2014-15,Suspect,La Côte-De-Gaspé-Quebec,FALSE,1,2014,0
414,Giles-Virginia,2008-09,Confirmed,Hamilton-New York,FALSE,0,2008,0
415,Giles-Virginia,2008-09,Confirmed,Middlesex-Massachusetts,FALSE,0,2008,0
416,Giles-Virginia,2008-09,Confirmed,Hartford-Connecticut,FALSE,0,2008,0
417,Giles-Virginia,2008-09,Confirmed,Putnam-New York,FALSE,0,2008,0
418,Giles-Virginia,2008-09,Confirmed,Luzerne-Pennsylvania,FALSE,0,2008,0
419,Giles-Virginia,2008-09,Confirmed,Centre-Pennsylvania,FALSE,0,2008,0
420,Giles-Virginia,2008-09,Confirmed,Warren-New Jersey,FALSE,0,2008,0
421,Giles-Virginia,2008-09,Confirmed,Morris-New Jersey,FALSE,0,2008,0
422,Giles-Virginia,2008-09,Confirmed,Smyth-Virginia,FALSE,0,2008,0
423,Hart-Kentucky,2012-13,Confirmed,Franklin-Missouri,FALSE,0,2012,0
424,Hart-Kentucky,2012-13,Confirmed,Monroe-Illinois,FALSE,0,2012,0
425,Hart-Kentucky,2012-13,Confirmed,Carter-Kentucky,FALSE,0,2012,4
426,Hart-Kentucky,2012-13,Confirmed,Washington-Missouri,FALSE,0,2012,2
427,Hart-Kentucky,2012-13,Confirmed,Meade-Kentucky,FALSE,0,2012,0
428,Hart-Kentucky,2012-13,Confirmed,Rockcastle-Kentucky,FALSE,0,2012,0
429,Hart-Kentucky,2012-13,Confirmed,Pulaski-Kentucky,FALSE,0,2012,0
430,Hart-Kentucky,2012-13,Confirmed,Edmonson-Kentucky,TRUE,0,2012,10
431,Hart-Kentucky,2012-13,Confirmed,Letcher-Kentucky,FALSE,0,2012,2
432,Hart-Kentucky,2012-13,Confirmed,Warren-Kentucky,FALSE,0,2012,11
433,Hart-Kentucky,2012-13,Confirmed,Lee-Virginia,FALSE,0,2012,2
434,Hart-Kentucky,2012-13,Confirmed,White-Tennessee,FALSE,0,2012,1
435,Hart-Kentucky,2012-13,Confirmed,Warren-Tennessee,FALSE,0,2012,0
436,Hart-Kentucky,2012-13,Confirmed,Lewis-Tennessee,FALSE,0,2012,9
437,Hart-Kentucky,2012-13,Confirmed,Marion-Tennessee,FALSE,0,2012,1
438,Shannon-Missouri,2009-10,Suspect,Orange-New York,FALSE,1,2009,0
439,Shannon-Missouri,2009-10,Suspect,Monroe-Pennsylvania,FALSE,1,2009,0
440,Shannon-Missouri,2009-10,Suspect,Blair-Pennsylvania,FALSE,1,2009,0
441,Shannon-Missouri,2009-10,Suspect,Huntingdon-Pennsylvania,FALSE,1,2009,0
442,Shannon-Missouri,2009-10,Suspect,Greenbrier-West Virginia,FALSE,1,2009,1
443,Shannon-Missouri,2009-10,Suspect,Sullivan-Tennessee,FALSE,1,2009,3
444,Shannon-Missouri,2009-10,Suspect,Hastings-Ontario,FALSE,1,2009,0
445,Shannon-Missouri,2009-10,Suspect,Les Collines-De-L'Outaouais-Quebec,FALSE,1,2009,1
446,Roanoke-Virginia,2010-11,Suspect,Oxford-Maine,FALSE,1,2010,0
447,Roanoke-Virginia,2010-11,Suspect,Fairfield-Connecticut,FALSE,1,2010,0
448,Roanoke-Virginia,2010-11,Suspect,Monroe-Indiana,FALSE,1,2010,0
449,Roanoke-Virginia,2010-11,Suspect,Crawford-Indiana,FALSE,1,2010,1
450,Roanoke-Virginia,2010-11,Suspect,Wise-Virginia,FALSE,1,2010,3
451,Roanoke-Virginia,2010-11,Suspect,Montgomery-Tennessee,FALSE,1,2010,2
452,Roanoke-Virginia,2010-11,Suspect,Yancey-North Carolina,FALSE,1,2010,5
453,Roanoke-Virginia,2010-11,Suspect,Saint John-New Brunswick,FALSE,1,2010,1
454,Roanoke-Virginia,2010-11,Suspect,Nipissing District (Part 1 Of)-Ontario,FALSE,1,2010,1
455,Roanoke-Virginia,2010-11,Suspect,Halton Regional Municipality-Ontario,FALSE,1,2010,0
456,Roanoke-Virginia,2010-11,Suspect,Haliburton-Ontario,FALSE,1,2010,0
457,Roanoke-Virginia,2010-11,Suspect,Albert-New Brunswick,FALSE,1,2010,0
458,Roanoke-Virginia,2010-11,Suspect,Hants-Nova Scotia,FALSE,1,2010,0
459,Roanoke-Virginia,2010-11,Suspect,Kings-Nova Scotia,FALSE,1,2010,1
460,Pulaski-Kentucky,2012-13,Confirmed,Franklin-Missouri,FALSE,0,2012,0
461,Pulaski-Kentucky,2012-13,Confirmed,Monroe-Illinois,FALSE,0,2012,0
462,Pulaski-Kentucky,2012-13,Confirmed,Carter-Kentucky,FALSE,0,2012,0
463,Pulaski-Kentucky,2012-13,Confirmed,Washington-Missouri,FALSE,0,2012,0
464,Pulaski-Kentucky,2012-13,Confirmed,Meade-Kentucky,FALSE,0,2012,0
465,Pulaski-Kentucky,2012-13,Confirmed,Rockcastle-Kentucky,TRUE,0,2012,1
466,Pulaski-Kentucky,2012-13,Confirmed,Hart-Kentucky,FALSE,0,2012,0
467,Pulaski-Kentucky,2012-13,Confirmed,Edmonson-Kentucky,FALSE,0,2012,1
468,Pulaski-Kentucky,2012-13,Confirmed,Letcher-Kentucky,FALSE,0,2012,1
469,Pulaski-Kentucky,2012-13,Confirmed,Warren-Kentucky,FALSE,0,2012,1
470,Pulaski-Kentucky,2012-13,Confirmed,Lee-Virginia,FALSE,0,2012,0
471,Pulaski-Kentucky,2012-13,Confirmed,White-Tennessee,FALSE,0,2012,0
472,Pulaski-Kentucky,2012-13,Confirmed,Warren-Tennessee,FALSE,0,2012,0
473,Pulaski-Kentucky,2012-13,Confirmed,Lewis-Tennessee,FALSE,0,2012,1
474,Pulaski-Kentucky,2012-13,Confirmed,Marion-Tennessee,FALSE,0,2012,0
475,Edmonson-Kentucky,2012-13,Confirmed,Franklin-Missouri,FALSE,0,2012,0
476,Edmonson-Kentucky,2012-13,Confirmed,Monroe-Illinois,FALSE,0,2012,0
477,Edmonson-Kentucky,2012-13,Confirmed,Carter-Kentucky,FALSE,0,2012,8
478,Edmonson-Kentucky,2012-13,Confirmed,Washington-Missouri,FALSE,0,2012,4
479,Edmonson-Kentucky,2012-13,Confirmed,Meade-Kentucky,FALSE,0,2012,3
480,Edmonson-Kentucky,2012-13,Confirmed,Rockcastle-Kentucky,FALSE,0,2012,3
481,Edmonson-Kentucky,2012-13,Confirmed,Hart-Kentucky,TRUE,0,2012,10
482,Edmonson-Kentucky,2012-13,Confirmed,Pulaski-Kentucky,FALSE,0,2012,1
483,Edmonson-Kentucky,2012-13,Confirmed,Letcher-Kentucky,FALSE,0,2012,9
484,Edmonson-Kentucky,2012-13,Confirmed,Warren-Kentucky,TRUE,0,2012,27
485,Edmonson-Kentucky,2012-13,Confirmed,Lee-Virginia,FALSE,0,2012,4
486,Edmonson-Kentucky,2012-13,Confirmed,White-Tennessee,FALSE,0,2012,0
487,Edmonson-Kentucky,2012-13,Confirmed,Warren-Tennessee,FALSE,0,2012,1
488,Edmonson-Kentucky,2012-13,Confirmed,Lewis-Tennessee,FALSE,0,2012,16
489,Edmonson-Kentucky,2012-13,Confirmed,Marion-Tennessee,FALSE,0,2012,5
490,Letcher-Kentucky,2012-13,Confirmed,Franklin-Missouri,FALSE,0,2012,0
491,Letcher-Kentucky,2012-13,Confirmed,Monroe-Illinois,FALSE,0,2012,0
492,Letcher-Kentucky,2012-13,Confirmed,Carter-Kentucky,FALSE,0,2012,9
493,Letcher-Kentucky,2012-13,Confirmed,Washington-Missouri,FALSE,0,2012,0
494,Letcher-Kentucky,2012-13,Confirmed,Meade-Kentucky,FALSE,0,2012,3
495,Letcher-Kentucky,2012-13,Confirmed,Rockcastle-Kentucky,FALSE,0,2012,3
496,Letcher-Kentucky,2012-13,Confirmed,Hart-Kentucky,FALSE,0,2012,2
497,Letcher-Kentucky,2012-13,Confirmed,Pulaski-Kentucky,FALSE,0,2012,1
498,Letcher-Kentucky,2012-13,Confirmed,Edmonson-Kentucky,FALSE,0,2012,9
499,Letcher-Kentucky,2012-13,Confirmed,Warren-Kentucky,FALSE,0,2012,9
500,Letcher-Kentucky,2012-13,Confirmed,Lee-Virginia,FALSE,0,2012,9
501,Letcher-Kentucky,2012-13,Confirmed,White-Tennessee,FALSE,0,2012,0
502,Letcher-Kentucky,2012-13,Confirmed,Warren-Tennessee,FALSE,0,2012,1
503,Letcher-Kentucky,2012-13,Confirmed,Lewis-Tennessee,FALSE,0,2012,5
504,Letcher-Kentucky,2012-13,Confirmed,Marion-Tennessee,FALSE,0,2012,3
505,Wise-Virginia,2010-11,Confirmed,Oxford-Maine,FALSE,0,2010,0
506,Wise-Virginia,2010-11,Confirmed,Fairfield-Connecticut,FALSE,0,2010,0
507,Wise-Virginia,2010-11,Confirmed,Monroe-Indiana,FALSE,0,2010,0
508,Wise-Virginia,2010-11,Confirmed,Crawford-Indiana,FALSE,0,2010,0
509,Wise-Virginia,2010-11,Confirmed,Roanoke-Virginia,FALSE,0,2010,3
510,Wise-Virginia,2010-11,Confirmed,Montgomery-Tennessee,FALSE,0,2010,1
511,Wise-Virginia,2010-11,Confirmed,Yancey-North Carolina,FALSE,0,2010,0
512,Wise-Virginia,2010-11,Confirmed,Saint John-New Brunswick,FALSE,0,2010,0
513,Wise-Virginia,2010-11,Confirmed,Nipissing District (Part 1 Of)-Ontario,FALSE,0,2010,0
514,Wise-Virginia,2010-11,Confirmed,Halton Regional Municipality-Ontario,FALSE,0,2010,0
515,Wise-Virginia,2010-11,Confirmed,Haliburton-Ontario,FALSE,0,2010,0
516,Wise-Virginia,2010-11,Confirmed,Albert-New Brunswick,FALSE,0,2010,0
517,Wise-Virginia,2010-11,Confirmed,Hants-Nova Scotia,FALSE,0,2010,0
518,Wise-Virginia,2010-11,Confirmed,Kings-Nova Scotia,FALSE,0,2010,0
519,Warren-Kentucky,2012-13,Confirmed,Franklin-Missouri,FALSE,0,2012,0
520,Warren-Kentucky,2012-13,Confirmed,Monroe-Illinois,FALSE,0,2012,0
521,Warren-Kentucky,2012-13,Confirmed,Carter-Kentucky,FALSE,0,2012,6
522,Warren-Kentucky,2012-13,Confirmed,Washington-Missouri,FALSE,0,2012,3
523,Warren-Kentucky,2012-13,Confirmed,Meade-Kentucky,FALSE,0,2012,2
524,Warren-Kentucky,2012-13,Confirmed,Rockcastle-Kentucky,FALSE,0,2012,2
525,Warren-Kentucky,2012-13,Confirmed,Hart-Kentucky,FALSE,0,2012,11
526,Warren-Kentucky,2012-13,Confirmed,Pulaski-Kentucky,FALSE,0,2012,1
527,Warren-Kentucky,2012-13,Confirmed,Edmonson-Kentucky,TRUE,0,2012,27
528,Warren-Kentucky,2012-13,Confirmed,Letcher-Kentucky,FALSE,0,2012,9
529,Warren-Kentucky,2012-13,Confirmed,Lee-Virginia,FALSE,0,2012,3
530,Warren-Kentucky,2012-13,Confirmed,White-Tennessee,FALSE,0,2012,3
531,Warren-Kentucky,2012-13,Confirmed,Warren-Tennessee,FALSE,0,2012,2
532,Warren-Kentucky,2012-13,Confirmed,Lewis-Tennessee,FALSE,0,2012,21
533,Warren-Kentucky,2012-13,Confirmed,Marion-Tennessee,FALSE,0,2012,7
534,Smyth-Virginia,2008-09,Confirmed,Hamilton-New York,FALSE,0,2008,0
535,Smyth-Virginia,2008-09,Confirmed,Middlesex-Massachusetts,FALSE,0,2008,0
536,Smyth-Virginia,2008-09,Confirmed,Hartford-Connecticut,FALSE,0,2008,0
537,Smyth-Virginia,2008-09,Confirmed,Putnam-New York,FALSE,0,2008,0
538,Smyth-Virginia,2008-09,Confirmed,Luzerne-Pennsylvania,FALSE,0,2008,0
539,Smyth-Virginia,2008-09,Confirmed,Centre-Pennsylvania,FALSE,0,2008,0
540,Smyth-Virginia,2008-09,Confirmed,Warren-New Jersey,FALSE,0,2008,0
541,Smyth-Virginia,2008-09,Confirmed,Morris-New Jersey,FALSE,0,2008,0
542,Smyth-Virginia,2008-09,Confirmed,Giles-Virginia,FALSE,0,2008,0
543,Lee-Virginia,2012-13,Confirmed,Franklin-Missouri,FALSE,0,2012,0
544,Lee-Virginia,2012-13,Confirmed,Monroe-Illinois,FALSE,0,2012,0
545,Lee-Virginia,2012-13,Confirmed,Carter-Kentucky,FALSE,0,2012,4
546,Lee-Virginia,2012-13,Confirmed,Washington-Missouri,FALSE,0,2012,1
547,Lee-Virginia,2012-13,Confirmed,Meade-Kentucky,FALSE,0,2012,1
548,Lee-Virginia,2012-13,Confirmed,Rockcastle-Kentucky,FALSE,0,2012,4
549,Lee-Virginia,2012-13,Confirmed,Hart-Kentucky,FALSE,0,2012,2
550,Lee-Virginia,2012-13,Confirmed,Pulaski-Kentucky,FALSE,0,2012,0
551,Lee-Virginia,2012-13,Confirmed,Edmonson-Kentucky,FALSE,0,2012,4
552,Lee-Virginia,2012-13,Confirmed,Letcher-Kentucky,FALSE,0,2012,9
553,Lee-Virginia,2012-13,Confirmed,Warren-Kentucky,FALSE,0,2012,3
554,Lee-Virginia,2012-13,Confirmed,White-Tennessee,FALSE,0,2012,0
555,Lee-Virginia,2012-13,Confirmed,Warren-Tennessee,FALSE,0,2012,1
556,Lee-Virginia,2012-13,Confirmed,Lewis-Tennessee,FALSE,0,2012,2
557,Lee-Virginia,2012-13,Confirmed,Marion-Tennessee,FALSE,0,2012,2
558,Taney-Missouri,2015-16,Suspect,St. Louis-Minnesota,FALSE,1,2015,8
559,Taney-Missouri,2015-16,Suspect,Douglas-Wisconsin,FALSE,1,2015,2
560,Taney-Missouri,2015-16,Suspect,Iron-Wisconsin,FALSE,1,2015,7
561,Taney-Missouri,2015-16,Suspect,Washington-Minnesota,FALSE,1,2015,3
562,Taney-Missouri,2015-16,Suspect,Iowa-Wisconsin,FALSE,1,2015,0
563,Taney-Missouri,2015-16,Suspect,Jackson-Iowa,FALSE,1,2015,0
564,Taney-Missouri,2015-16,Suspect,Benton-Arkansas,FALSE,1,2015,29
565,Taney-Missouri,2015-16,Suspect,Calhoun-Alabama,FALSE,1,2015,0
566,Taney-Missouri,2015-16,Suspect,Green-Wisconsin,FALSE,1,2015,1
567,Montgomery-Tennessee,2010-11,Confirmed,Oxford-Maine,FALSE,0,2010,0
568,Montgomery-Tennessee,2010-11,Confirmed,Fairfield-Connecticut,FALSE,0,2010,0
569,Montgomery-Tennessee,2010-11,Confirmed,Monroe-Indiana,FALSE,0,2010,0
570,Montgomery-Tennessee,2010-11,Confirmed,Crawford-Indiana,FALSE,0,2010,2
571,Montgomery-Tennessee,2010-11,Confirmed,Roanoke-Virginia,FALSE,0,2010,2
572,Montgomery-Tennessee,2010-11,Confirmed,Wise-Virginia,FALSE,0,2010,1
573,Montgomery-Tennessee,2010-11,Confirmed,Yancey-North Carolina,FALSE,0,2010,3
574,Montgomery-Tennessee,2010-11,Confirmed,Saint John-New Brunswick,FALSE,0,2010,0
575,Montgomery-Tennessee,2010-11,Confirmed,Nipissing District (Part 1 Of)-Ontario,FALSE,0,2010,0
576,Montgomery-Tennessee,2010-11,Confirmed,Halton Regional Municipality-Ontario,FALSE,0,2010,0
577,Montgomery-Tennessee,2010-11,Confirmed,Haliburton-Ontario,FALSE,0,2010,0
578,Montgomery-Tennessee,2010-11,Confirmed,Albert-New Brunswick,FALSE,0,2010,0
579,Montgomery-Tennessee,2010-11,Confirmed,Hants-Nova Scotia,FALSE,0,2010,1
580,Montgomery-Tennessee,2010-11,Confirmed,Kings-Nova Scotia,FALSE,0,2010,0
581,Sullivan-Tennessee,2009-10,Confirmed,Orange-New York,FALSE,0,2009,0
582,Sullivan-Tennessee,2009-10,Confirmed,Monroe-Pennsylvania,FALSE,0,2009,0
583,Sullivan-Tennessee,2009-10,Confirmed,Blair-Pennsylvania,FALSE,0,2009,1
584,Sullivan-Tennessee,2009-10,Confirmed,Huntingdon-Pennsylvania,FALSE,0,2009,6
585,Sullivan-Tennessee,2009-10,Confirmed,Greenbrier-West Virginia,FALSE,0,2009,7
586,Sullivan-Tennessee,2009-10,Confirmed,Shannon-Missouri,FALSE,0,2009,3
587,Sullivan-Tennessee,2009-10,Confirmed,Hastings-Ontario,FALSE,0,2009,0
588,Sullivan-Tennessee,2009-10,Confirmed,Les Collines-De-L'Outaouais-Quebec,FALSE,0,2009,1
589,Hancock-Tennessee,2011-12,Confirmed,Cuyahoga-Ohio,FALSE,0,2011,0
590,Hancock-Tennessee,2011-12,Confirmed,Clearfield-Pennsylvania,FALSE,0,2011,0
591,Hancock-Tennessee,2011-12,Confirmed,Hamilton-Tennessee,FALSE,0,2011,3
592,Hancock-Tennessee,2011-12,Confirmed,Jackson-Alabama,FALSE,0,2011,1
593,Hancock-Tennessee,2011-12,Confirmed,Warren-Pennsylvania,FALSE,0,2011,0
594,Hancock-Tennessee,2011-12,Confirmed,Wellington-Ontario,FALSE,0,2011,0
595,Hancock-Tennessee,2011-12,Confirmed,Colchester-Nova Scotia,FALSE,0,2011,0
596,Hancock-Tennessee,2011-12,Confirmed,Westmorland-New Brunswick,FALSE,0,2011,0
597,Hancock-Tennessee,2011-12,Confirmed,Kings-New Brunswick,FALSE,0,2011,0
598,Benton-Arkansas,2015-16,Confirmed,St. Louis-Minnesota,FALSE,0,2015,3
599,Benton-Arkansas,2015-16,Confirmed,Douglas-Wisconsin,FALSE,0,2015,0
600,Benton-Arkansas,2015-16,Confirmed,Iron-Wisconsin,FALSE,0,2015,4
601,Benton-Arkansas,2015-16,Confirmed,Washington-Minnesota,FALSE,0,2015,3
602,Benton-Arkansas,2015-16,Confirmed,Iowa-Wisconsin,FALSE,0,2015,0
603,Benton-Arkansas,2015-16,Confirmed,Jackson-Iowa,FALSE,0,2015,0
604,Benton-Arkansas,2015-16,Confirmed,Taney-Missouri,FALSE,0,2015,29
605,Benton-Arkansas,2015-16,Confirmed,Calhoun-Alabama,FALSE,0,2015,0
606,Benton-Arkansas,2015-16,Confirmed,Green-Wisconsin,FALSE,0,2015,2
607,White-Tennessee,2012-13,Confirmed,Franklin-Missouri,FALSE,0,2012,0
608,White-Tennessee,2012-13,Confirmed,Monroe-Illinois,FALSE,0,2012,0
609,White-Tennessee,2012-13,Confirmed,Carter-Kentucky,FALSE,0,2012,1
610,White-Tennessee,2012-13,Confirmed,Washington-Missouri,FALSE,0,2012,0
611,White-Tennessee,2012-13,Confirmed,Meade-Kentucky,FALSE,0,2012,0
612,White-Tennessee,2012-13,Confirmed,Rockcastle-Kentucky,FALSE,0,2012,0
613,White-Tennessee,2012-13,Confirmed,Hart-Kentucky,FALSE,0,2012,1
614,White-Tennessee,2012-13,Confirmed,Pulaski-Kentucky,FALSE,0,2012,0
615,White-Tennessee,2012-13,Confirmed,Edmonson-Kentucky,FALSE,0,2012,0
616,White-Tennessee,2012-13,Confirmed,Letcher-Kentucky,FALSE,0,2012,0
617,White-Tennessee,2012-13,Confirmed,Warren-Kentucky,FALSE,0,2012,3
618,White-Tennessee,2012-13,Confirmed,Lee-Virginia,FALSE,0,2012,0
619,White-Tennessee,2012-13,Confirmed,Warren-Tennessee,TRUE,0,2012,2
620,White-Tennessee,2012-13,Confirmed,Lewis-Tennessee,FALSE,0,2012,6
621,White-Tennessee,2012-13,Confirmed,Marion-Tennessee,FALSE,0,2012,3
622,Yancey-North Carolina,2010-11,Confirmed,Oxford-Maine,FALSE,0,2010,0
623,Yancey-North Carolina,2010-11,Confirmed,Fairfield-Connecticut,FALSE,0,2010,0
624,Yancey-North Carolina,2010-11,Confirmed,Monroe-Indiana,FALSE,0,2010,0
625,Yancey-North Carolina,2010-11,Confirmed,Crawford-Indiana,FALSE,0,2010,1
626,Yancey-North Carolina,2010-11,Confirmed,Roanoke-Virginia,FALSE,0,2010,5
627,Yancey-North Carolina,2010-11,Confirmed,Wise-Virginia,FALSE,0,2010,0
628,Yancey-North Carolina,2010-11,Confirmed,Montgomery-Tennessee,FALSE,0,2010,3
629,Yancey-North Carolina,2010-11,Confirmed,Saint John-New Brunswick,FALSE,0,2010,0
630,Yancey-North Carolina,2010-11,Confirmed,Nipissing District (Part 1 Of)-Ontario,FALSE,0,2010,0
631,Yancey-North Carolina,2010-11,Confirmed,Halton Regional Municipality-Ontario,FALSE,0,2010,0
632,Yancey-North Carolina,2010-11,Confirmed,Haliburton-Ontario,FALSE,0,2010,0
633,Yancey-North Carolina,2010-11,Confirmed,Albert-New Brunswick,FALSE,0,2010,0
634,Yancey-North Carolina,2010-11,Confirmed,Hants-Nova Scotia,FALSE,0,2010,1
635,Yancey-North Carolina,2010-11,Confirmed,Kings-Nova Scotia,FALSE,0,2010,0
636,Independence-Arkansas,2014-15,Confirmed,Des Moines-Iowa,FALSE,0,2014,0
637,Independence-Arkansas,2014-15,Confirmed,St. Louis-Missouri,FALSE,0,2014,0
638,Independence-Arkansas,2014-15,Confirmed,Phelps-Missouri,FALSE,0,2014,0
639,Independence-Arkansas,2014-15,Confirmed,Wright-Missouri,FALSE,0,2014,0
640,Independence-Arkansas,2014-15,Confirmed,Garland-Arkansas,FALSE,0,2014,0
641,Independence-Arkansas,2014-15,Confirmed,Floyd-Georgia,FALSE,0,2014,0
642,Independence-Arkansas,2014-15,Confirmed,Houghton-Michigan,FALSE,0,2014,0
643,Independence-Arkansas,2014-15,Confirmed,La Côte-De-Gaspé-Quebec,FALSE,0,2014,0
644,Warren-Tennessee,2012-13,Confirmed,Franklin-Missouri,FALSE,0,2012,0
645,Warren-Tennessee,2012-13,Confirmed,Monroe-Illinois,FALSE,0,2012,0
646,Warren-Tennessee,2012-13,Confirmed,Carter-Kentucky,FALSE,0,2012,0
647,Warren-Tennessee,2012-13,Confirmed,Washington-Missouri,FALSE,0,2012,0
648,Warren-Tennessee,2012-13,Confirmed,Meade-Kentucky,FALSE,0,2012,0
649,Warren-Tennessee,2012-13,Confirmed,Rockcastle-Kentucky,FALSE,0,2012,0
650,Warren-Tennessee,2012-13,Confirmed,Hart-Kentucky,FALSE,0,2012,0
651,Warren-Tennessee,2012-13,Confirmed,Pulaski-Kentucky,FALSE,0,2012,0
652,Warren-Tennessee,2012-13,Confirmed,Edmonson-Kentucky,FALSE,0,2012,1
653,Warren-Tennessee,2012-13,Confirmed,Letcher-Kentucky,FALSE,0,2012,1
654,Warren-Tennessee,2012-13,Confirmed,Warren-Kentucky,FALSE,0,2012,2
655,Warren-Tennessee,2012-13,Confirmed,Lee-Virginia,FALSE,0,2012,1
656,Warren-Tennessee,2012-13,Confirmed,White-Tennessee,TRUE,0,2012,2
657,Warren-Tennessee,2012-13,Confirmed,Lewis-Tennessee,FALSE,0,2012,4
658,Warren-Tennessee,2012-13,Confirmed,Marion-Tennessee,FALSE,0,2012,1
659,Maury-Tennessee,2013-14,Confirmed,Marion-Missouri,FALSE,0,2013,5
660,Maury-Tennessee,2013-14,Confirmed,Hocking-Ohio,FALSE,0,2013,1
661,Maury-Tennessee,2013-14,Confirmed,Hardin-Kentucky,FALSE,0,2013,1
662,Maury-Tennessee,2013-14,Confirmed,Bartow-Georgia,FALSE,0,2013,0
663,Maury-Tennessee,2013-14,Confirmed,Polk-Georgia,FALSE,0,2013,1
664,Maury-Tennessee,2013-14,Confirmed,Keweenaw-Michigan,FALSE,0,2013,1
665,Maury-Tennessee,2013-14,Confirmed,Ontonagon-Michigan,FALSE,0,2013,0
666,Maury-Tennessee,2013-14,Confirmed,York-New Brunswick,FALSE,0,2013,0
667,Maury-Tennessee,2013-14,Confirmed,Inverness-Nova Scotia,FALSE,0,2013,0
668,Lewis-Tennessee,2012-13,Confirmed,Franklin-Missouri,FALSE,0,2012,0
669,Lewis-Tennessee,2012-13,Confirmed,Monroe-Illinois,FALSE,0,2012,0
670,Lewis-Tennessee,2012-13,Confirmed,Carter-Kentucky,FALSE,0,2012,5
671,Lewis-Tennessee,2012-13,Confirmed,Washington-Missouri,FALSE,0,2012,2
672,Lewis-Tennessee,2012-13,Confirmed,Meade-Kentucky,FALSE,0,2012,0
673,Lewis-Tennessee,2012-13,Confirmed,Rockcastle-Kentucky,FALSE,0,2012,1
674,Lewis-Tennessee,2012-13,Confirmed,Hart-Kentucky,FALSE,0,2012,9
675,Lewis-Tennessee,2012-13,Confirmed,Pulaski-Kentucky,FALSE,0,2012,1
676,Lewis-Tennessee,2012-13,Confirmed,Edmonson-Kentucky,FALSE,0,2012,16
677,Lewis-Tennessee,2012-13,Confirmed,Letcher-Kentucky,FALSE,0,2012,5
678,Lewis-Tennessee,2012-13,Confirmed,Warren-Kentucky,FALSE,0,2012,21
679,Lewis-Tennessee,2012-13,Confirmed,Lee-Virginia,FALSE,0,2012,2
680,Lewis-Tennessee,2012-13,Confirmed,White-Tennessee,FALSE,0,2012,6
681,Lewis-Tennessee,2012-13,Confirmed,Warren-Tennessee,FALSE,0,2012,4
682,Lewis-Tennessee,2012-13,Confirmed,Marion-Tennessee,FALSE,0,2012,12
683,Hamilton-Tennessee,2011-12,Confirmed,Cuyahoga-Ohio,FALSE,0,2011,4
684,Hamilton-Tennessee,2011-12,Confirmed,Clearfield-Pennsylvania,FALSE,0,2011,0
685,Hamilton-Tennessee,2011-12,Confirmed,Hancock-Tennessee,FALSE,0,2011,3
686,Hamilton-Tennessee,2011-12,Confirmed,Jackson-Alabama,FALSE,0,2011,24
687,Hamilton-Tennessee,2011-12,Confirmed,Warren-Pennsylvania,FALSE,0,2011,2
688,Hamilton-Tennessee,2011-12,Confirmed,Wellington-Ontario,FALSE,0,2011,0
689,Hamilton-Tennessee,2011-12,Confirmed,Colchester-Nova Scotia,FALSE,0,2011,0
690,Hamilton-Tennessee,2011-12,Confirmed,Westmorland-New Brunswick,FALSE,0,2011,2
691,Hamilton-Tennessee,2011-12,Confirmed,Kings-New Brunswick,FALSE,0,2011,1
692,Marion-Tennessee,2012-13,Confirmed,Franklin-Missouri,FALSE,0,2012,0
693,Marion-Tennessee,2012-13,Confirmed,Monroe-Illinois,FALSE,0,2012,0
694,Marion-Tennessee,2012-13,Confirmed,Carter-Kentucky,FALSE,0,2012,4
695,Marion-Tennessee,2012-13,Confirmed,Washington-Missouri,FALSE,0,2012,1
696,Marion-Tennessee,2012-13,Confirmed,Meade-Kentucky,FALSE,0,2012,2
697,Marion-Tennessee,2012-13,Confirmed,Rockcastle-Kentucky,FALSE,0,2012,2
698,Marion-Tennessee,2012-13,Confirmed,Hart-Kentucky,FALSE,0,2012,1
699,Marion-Tennessee,2012-13,Confirmed,Pulaski-Kentucky,FALSE,0,2012,0
700,Marion-Tennessee,2012-13,Confirmed,Edmonson-Kentucky,FALSE,0,2012,5
701,Marion-Tennessee,2012-13,Confirmed,Letcher-Kentucky,FALSE,0,2012,3
702,Marion-Tennessee,2012-13,Confirmed,Warren-Kentucky,FALSE,0,2012,7
703,Marion-Tennessee,2012-13,Confirmed,Lee-Virginia,FALSE,0,2012,2
704,Marion-Tennessee,2012-13,Confirmed,White-Tennessee,FALSE,0,2012,3
705,Marion-Tennessee,2012-13,Confirmed,Warren-Tennessee,FALSE,0,2012,1
706,Marion-Tennessee,2012-13,Confirmed,Lewis-Tennessee,FALSE,0,2012,12
707,Jackson-Alabama,2011-12,Confirmed,Cuyahoga-Ohio,FALSE,0,2011,4
708,Jackson-Alabama,2011-12,Confirmed,Clearfield-Pennsylvania,FALSE,0,2011,1
709,Jackson-Alabama,2011-12,Confirmed,Hancock-Tennessee,FALSE,0,2011,1
710,Jackson-Alabama,2011-12,Confirmed,Hamilton-Tennessee,FALSE,0,2011,24
711,Jackson-Alabama,2011-12,Confirmed,Warren-Pennsylvania,FALSE,0,2011,0
712,Jackson-Alabama,2011-12,Confirmed,Wellington-Ontario,FALSE,0,2011,0
713,Jackson-Alabama,2011-12,Confirmed,Colchester-Nova Scotia,FALSE,0,2011,0
714,Jackson-Alabama,2011-12,Confirmed,Westmorland-New Brunswick,FALSE,0,2011,2
715,Jackson-Alabama,2011-12,Confirmed,Kings-New Brunswick,FALSE,0,2011,1
716,Garland-Arkansas,2014-15,Suspect,Des Moines-Iowa,FALSE,1,2014,0
717,Garland-Arkansas,2014-15,Suspect,St. Louis-Missouri,FALSE,1,2014,0
718,Garland-Arkansas,2014-15,Suspect,Phelps-Missouri,FALSE,1,2014,0
719,Garland-Arkansas,2014-15,Suspect,Wright-Missouri,FALSE,1,2014,0
720,Garland-Arkansas,2014-15,Suspect,Independence-Arkansas,FALSE,1,2014,0
721,Garland-Arkansas,2014-15,Suspect,Floyd-Georgia,FALSE,1,2014,0
722,Garland-Arkansas,2014-15,Suspect,Houghton-Michigan,FALSE,1,2014,0
723,Garland-Arkansas,2014-15,Suspect,La Côte-De-Gaspé-Quebec,FALSE,1,2014,0
724,Floyd-Georgia,2014-15,Suspect,Des Moines-Iowa,FALSE,1,2014,0
725,Floyd-Georgia,2014-15,Suspect,St. Louis-Missouri,FALSE,1,2014,1
726,Floyd-Georgia,2014-15,Suspect,Phelps-Missouri,FALSE,1,2014,0
727,Floyd-Georgia,2014-15,Suspect,Wright-Missouri,FALSE,1,2014,0
728,Floyd-Georgia,2014-15,Suspect,Independence-Arkansas,FALSE,1,2014,0
729,Floyd-Georgia,2014-15,Suspect,Garland-Arkansas,FALSE,1,2014,0
730,Floyd-Georgia,2014-15,Suspect,Houghton-Michigan,FALSE,1,2014,0
731,Floyd-Georgia,2014-15,Suspect,La Côte-De-Gaspé-Quebec,FALSE,1,2014,0
732,Bartow-Georgia,2013-14,Suspect,Marion-Missouri,FALSE,1,2013,1
733,Bartow-Georgia,2013-14,Suspect,Hocking-Ohio,FALSE,1,2013,0
734,Bartow-Georgia,2013-14,Suspect,Hardin-Kentucky,FALSE,1,2013,2
735,Bartow-Georgia,2013-14,Suspect,Maury-Tennessee,FALSE,1,2013,0
736,Bartow-Georgia,2013-14,Suspect,Polk-Georgia,TRUE,1,2013,0
737,Bartow-Georgia,2013-14,Suspect,Keweenaw-Michigan,FALSE,1,2013,2
738,Bartow-Georgia,2013-14,Suspect,Ontonagon-Michigan,FALSE,1,2013,1
739,Bartow-Georgia,2013-14,Suspect,York-New Brunswick,FALSE,1,2013,0
740,Bartow-Georgia,2013-14,Suspect,Inverness-Nova Scotia,FALSE,1,2013,0
741,Polk-Georgia,2013-14,Suspect,Marion-Missouri,FALSE,1,2013,0
742,Polk-Georgia,2013-14,Suspect,Hocking-Ohio,FALSE,1,2013,0
743,Polk-Georgia,2013-14,Suspect,Hardin-Kentucky,FALSE,1,2013,0
744,Polk-Georgia,2013-14,Suspect,Maury-Tennessee,FALSE,1,2013,1
745,Polk-Georgia,2013-14,Suspect,Bartow-Georgia,TRUE,1,2013,0
746,Polk-Georgia,2013-14,Suspect,Keweenaw-Michigan,FALSE,1,2013,0
747,Polk-Georgia,2013-14,Suspect,Ontonagon-Michigan,FALSE,1,2013,0
748,Polk-Georgia,2013-14,Suspect,York-New Brunswick,FALSE,1,2013,0
749,Polk-Georgia,2013-14,Suspect,Inverness-Nova Scotia,FALSE,1,2013,0
750,Calhoun-Alabama,2015-16,Suspect,St. Louis-Minnesota,FALSE,1,2015,0
751,Calhoun-Alabama,2015-16,Suspect,Douglas-Wisconsin,FALSE,1,2015,0
752,Calhoun-Alabama,2015-16,Suspect,Iron-Wisconsin,FALSE,1,2015,0
753,Calhoun-Alabama,2015-16,Suspect,Washington-Minnesota,FALSE,1,2015,0
754,Calhoun-Alabama,2015-16,Suspect,Iowa-Wisconsin,FALSE,1,2015,0
755,Calhoun-Alabama,2015-16,Suspect,Jackson-Iowa,FALSE,1,2015,0
756,Calhoun-Alabama,2015-16,Suspect,Taney-Missouri,FALSE,1,2015,0
757,Calhoun-Alabama,2015-16,Suspect,Benton-Arkansas,FALSE,1,2015,0
758,Calhoun-Alabama,2015-16,Suspect,Green-Wisconsin,FALSE,1,2015,0
759,Shelby-Alabama,2016-17,Confirmed,Fillmore-Minnesota,FALSE,0,2016,0
760,Shelby-Alabama,2016-17,Confirmed,Itasca-Minnesota,FALSE,0,2016,0
761,Shelby-Alabama,2016-17,Confirmed,Lancaster-Nebraska,FALSE,0,2016,0
762,Shelby-Alabama,2016-17,Confirmed,Blount-Alabama,FALSE,0,2016,14
763,Keweenaw-Michigan,2013-14,Confirmed,Marion-Missouri,FALSE,0,2013,16
764,Keweenaw-Michigan,2013-14,Confirmed,Hocking-Ohio,FALSE,0,2013,3
765,Keweenaw-Michigan,2013-14,Confirmed,Hardin-Kentucky,FALSE,0,2013,1
766,Keweenaw-Michigan,2013-14,Confirmed,Maury-Tennessee,FALSE,0,2013,1
767,Keweenaw-Michigan,2013-14,Confirmed,Bartow-Georgia,FALSE,0,2013,2
768,Keweenaw-Michigan,2013-14,Confirmed,Polk-Georgia,FALSE,0,2013,0
769,Keweenaw-Michigan,2013-14,Confirmed,Ontonagon-Michigan,FALSE,0,2013,58
770,Keweenaw-Michigan,2013-14,Confirmed,York-New Brunswick,FALSE,0,2013,0
771,Keweenaw-Michigan,2013-14,Confirmed,Inverness-Nova Scotia,FALSE,0,2013,0
772,Houghton-Michigan,2014-15,Confirmed,Des Moines-Iowa,FALSE,0,2014,2
773,Houghton-Michigan,2014-15,Confirmed,St. Louis-Missouri,FALSE,0,2014,0
774,Houghton-Michigan,2014-15,Confirmed,Phelps-Missouri,FALSE,0,2014,1
775,Houghton-Michigan,2014-15,Confirmed,Wright-Missouri,FALSE,0,2014,0
776,Houghton-Michigan,2014-15,Confirmed,Independence-Arkansas,FALSE,0,2014,0
777,Houghton-Michigan,2014-15,Confirmed,Garland-Arkansas,FALSE,0,2014,0
778,Houghton-Michigan,2014-15,Confirmed,Floyd-Georgia,FALSE,0,2014,0
779,Houghton-Michigan,2014-15,Confirmed,La Côte-De-Gaspé-Quebec,FALSE,0,2014,0
780,Ontonagon-Michigan,2013-14,Confirmed,Marion-Missouri,FALSE,0,2013,12
781,Ontonagon-Michigan,2013-14,Confirmed,Hocking-Ohio,FALSE,0,2013,2
782,Ontonagon-Michigan,2013-14,Confirmed,Hardin-Kentucky,FALSE,0,2013,0
783,Ontonagon-Michigan,2013-14,Confirmed,Maury-Tennessee,FALSE,0,2013,0
784,Ontonagon-Michigan,2013-14,Confirmed,Bartow-Georgia,FALSE,0,2013,1
785,Ontonagon-Michigan,2013-14,Confirmed,Polk-Georgia,FALSE,0,2013,0
786,Ontonagon-Michigan,2013-14,Confirmed,Keweenaw-Michigan,FALSE,0,2013,58
787,Ontonagon-Michigan,2013-14,Confirmed,York-New Brunswick,FALSE,0,2013,0
788,Ontonagon-Michigan,2013-14,Confirmed,Inverness-Nova Scotia,FALSE,0,2013,0
789,Green-Wisconsin,2015-16,Confirmed,St. Louis-Minnesota,FALSE,0,2015,7
790,Green-Wisconsin,2015-16,Confirmed,Douglas-Wisconsin,FALSE,0,2015,2
791,Green-Wisconsin,2015-16,Confirmed,Iron-Wisconsin,FALSE,0,2015,11
792,Green-Wisconsin,2015-16,Confirmed,Washington-Minnesota,FALSE,0,2015,7
793,Green-Wisconsin,2015-16,Confirmed,Iowa-Wisconsin,TRUE,0,2015,40
794,Green-Wisconsin,2015-16,Confirmed,Jackson-Iowa,FALSE,0,2015,4
795,Green-Wisconsin,2015-16,Confirmed,Taney-Missouri,FALSE,0,2015,1
796,Green-Wisconsin,2015-16,Confirmed,Benton-Arkansas,FALSE,0,2015,2
797,Green-Wisconsin,2015-16,Confirmed,Calhoun-Alabama,FALSE,0,2015,0
798,Warren-Pennsylvania,2011-12,Confirmed,Cuyahoga-Ohio,FALSE,0,2011,7
799,Warren-Pennsylvania,2011-12,Confirmed,Clearfield-Pennsylvania,FALSE,0,2011,12
800,Warren-Pennsylvania,2011-12,Confirmed,Hancock-Tennessee,FALSE,0,2011,0
801,Warren-Pennsylvania,2011-12,Confirmed,Hamilton-Tennessee,FALSE,0,2011,2
802,Warren-Pennsylvania,2011-12,Confirmed,Jackson-Alabama,FALSE,0,2011,0
803,Warren-Pennsylvania,2011-12,Confirmed,Wellington-Ontario,FALSE,0,2011,18
804,Warren-Pennsylvania,2011-12,Confirmed,Colchester-Nova Scotia,FALSE,0,2011,0
805,Warren-Pennsylvania,2011-12,Confirmed,Westmorland-New Brunswick,FALSE,0,2011,0
806,Warren-Pennsylvania,2011-12,Confirmed,Kings-New Brunswick,FALSE,0,2011,0
807,Itasca-Minnesota,2016-17,Confirmed,Fillmore-Minnesota,FALSE,0,2016,31
808,Itasca-Minnesota,2016-17,Confirmed,Shelby-Alabama,FALSE,0,2016,0
809,Itasca-Minnesota,2016-17,Confirmed,Lancaster-Nebraska,FALSE,0,2016,0
810,Itasca-Minnesota,2016-17,Confirmed,Blount-Alabama,FALSE,0,2016,0
811,Custer-South Dakota,2017-18,Confirmed,Newton-Missouri,FALSE,0,2017,1
812,Lancaster-Nebraska,2016-17,Suspect,Fillmore-Minnesota,FALSE,1,2016,1
813,Lancaster-Nebraska,2016-17,Suspect,Shelby-Alabama,FALSE,1,2016,0
814,Lancaster-Nebraska,2016-17,Suspect,Itasca-Minnesota,FALSE,1,2016,0
815,Lancaster-Nebraska,2016-17,Suspect,Blount-Alabama,FALSE,1,2016,0
816,Newton-Missouri,2017-18,Suspect,Custer-South Dakota,FALSE,1,2017,1
817,Rowan-North Carolina,2018-19,Suspect,Bexar-Texas,FALSE,1,2018,4
818,Blount-Alabama,2016-17,Suspect,Fillmore-Minnesota,FALSE,1,2016,0
819,Blount-Alabama,2016-17,Suspect,Shelby-Alabama,FALSE,1,2016,14
820,Blount-Alabama,2016-17,Suspect,Itasca-Minnesota,FALSE,1,2016,0
821,Blount-Alabama,2016-17,Suspect,Lancaster-Nebraska,FALSE,1,2016,0
822,Bexar-Texas,2018-19,Suspect,Rowan-North Carolina,FALSE,1,2018,4
823,Saint John-New Brunswick,2010-11,Confirmed,Oxford-Maine,FALSE,0,2010,0
824,Saint John-New Brunswick,2010-11,Confirmed,Fairfield-Connecticut,FALSE,0,2010,0
825,Saint John-New Brunswick,2010-11,Confirmed,Monroe-Indiana,FALSE,0,2010,0
826,Saint John-New Brunswick,2010-11,Confirmed,Crawford-Indiana,FALSE,0,2010,0
827,Saint John-New Brunswick,2010-11,Confirmed,Roanoke-Virginia,FALSE,0,2010,1
828,Saint John-New Brunswick,2010-11,Confirmed,Wise-Virginia,FALSE,0,2010,0
829,Saint John-New Brunswick,2010-11,Confirmed,Montgomery-Tennessee,FALSE,0,2010,0
830,Saint John-New Brunswick,2010-11,Confirmed,Yancey-North Carolina,FALSE,0,2010,0
831,Saint John-New Brunswick,2010-11,Confirmed,Nipissing District (Part 1 Of)-Ontario,FALSE,0,2010,1
832,Saint John-New Brunswick,2010-11,Confirmed,Halton Regional Municipality-Ontario,FALSE,0,2010,1
833,Saint John-New Brunswick,2010-11,Confirmed,Haliburton-Ontario,FALSE,0,2010,0
834,Saint John-New Brunswick,2010-11,Confirmed,Albert-New Brunswick,FALSE,0,2010,4
835,Saint John-New Brunswick,2010-11,Confirmed,Hants-Nova Scotia,FALSE,0,2010,3
836,Saint John-New Brunswick,2010-11,Confirmed,Kings-Nova Scotia,FALSE,0,2010,3
837,La Côte-De-Gaspé-Quebec,2014-15,Confirmed,Des Moines-Iowa,FALSE,0,2014,1
838,La Côte-De-Gaspé-Quebec,2014-15,Confirmed,St. Louis-Missouri,FALSE,0,2014,1
839,La Côte-De-Gaspé-Quebec,2014-15,Confirmed,Phelps-Missouri,FALSE,0,2014,0
840,La Côte-De-Gaspé-Quebec,2014-15,Confirmed,Wright-Missouri,FALSE,0,2014,0
841,La Côte-De-Gaspé-Quebec,2014-15,Confirmed,Independence-Arkansas,FALSE,0,2014,0
842,La Côte-De-Gaspé-Quebec,2014-15,Confirmed,Garland-Arkansas,FALSE,0,2014,0
843,La Côte-De-Gaspé-Quebec,2014-15,Confirmed,Floyd-Georgia,FALSE,0,2014,0
844,La Côte-De-Gaspé-Quebec,2014-15,Confirmed,Houghton-Michigan,FALSE,0,2014,0
845,Nipissing District (Part 1 Of)-Ontario,2010-11,Confirmed,Oxford-Maine,FALSE,0,2010,0
846,Nipissing District (Part 1 Of)-Ontario,2010-11,Confirmed,Fairfield-Connecticut,FALSE,0,2010,0
847,Nipissing District (Part 1 Of)-Ontario,2010-11,Confirmed,Monroe-Indiana,FALSE,0,2010,0
848,Nipissing District (Part 1 Of)-Ontario,2010-11,Confirmed,Crawford-Indiana,FALSE,0,2010,0
849,Nipissing District (Part 1 Of)-Ontario,2010-11,Confirmed,Roanoke-Virginia,FALSE,0,2010,1
850,Nipissing District (Part 1 Of)-Ontario,2010-11,Confirmed,Wise-Virginia,FALSE,0,2010,0
851,Nipissing District (Part 1 Of)-Ontario,2010-11,Confirmed,Montgomery-Tennessee,FALSE,0,2010,0
852,Nipissing District (Part 1 Of)-Ontario,2010-11,Confirmed,Yancey-North Carolina,FALSE,0,2010,0
853,Nipissing District (Part 1 Of)-Ontario,2010-11,Confirmed,Saint John-New Brunswick,FALSE,0,2010,1
854,Nipissing District (Part 1 Of)-Ontario,2010-11,Confirmed,Halton Regional Municipality-Ontario,FALSE,0,2010,0
855,Nipissing District (Part 1 Of)-Ontario,2010-11,Confirmed,Haliburton-Ontario,FALSE,0,2010,0
856,Nipissing District (Part 1 Of)-Ontario,2010-11,Confirmed,Albert-New Brunswick,FALSE,0,2010,0
857,Nipissing District (Part 1 Of)-Ontario,2010-11,Confirmed,Hants-Nova Scotia,FALSE,0,2010,0
858,Nipissing District (Part 1 Of)-Ontario,2010-11,Confirmed,Kings-Nova Scotia,FALSE,0,2010,1
859,Halton Regional Municipality-Ontario,2010-11,Confirmed,Oxford-Maine,FALSE,0,2010,0
860,Halton Regional Municipality-Ontario,2010-11,Confirmed,Fairfield-Connecticut,FALSE,0,2010,0
861,Halton Regional Municipality-Ontario,2010-11,Confirmed,Monroe-Indiana,FALSE,0,2010,0
862,Halton Regional Municipality-Ontario,2010-11,Confirmed,Crawford-Indiana,FALSE,0,2010,0
863,Halton Regional Municipality-Ontario,2010-11,Confirmed,Roanoke-Virginia,FALSE,0,2010,0
864,Halton Regional Municipality-Ontario,2010-11,Confirmed,Wise-Virginia,FALSE,0,2010,0
865,Halton Regional Municipality-Ontario,2010-11,Confirmed,Montgomery-Tennessee,FALSE,0,2010,0
866,Halton Regional Municipality-Ontario,2010-11,Confirmed,Yancey-North Carolina,FALSE,0,2010,0
867,Halton Regional Municipality-Ontario,2010-11,Confirmed,Saint John-New Brunswick,FALSE,0,2010,1
868,Halton Regional Municipality-Ontario,2010-11,Confirmed,Nipissing District (Part 1 Of)-Ontario,FALSE,0,2010,0
869,Halton Regional Municipality-Ontario,2010-11,Confirmed,Haliburton-Ontario,FALSE,0,2010,2
870,Halton Regional Municipality-Ontario,2010-11,Confirmed,Albert-New Brunswick,FALSE,0,2010,0
871,Halton Regional Municipality-Ontario,2010-11,Confirmed,Hants-Nova Scotia,FALSE,0,2010,0
872,Halton Regional Municipality-Ontario,2010-11,Confirmed,Kings-Nova Scotia,FALSE,0,2010,0
873,Haliburton-Ontario,2010-11,Confirmed,Oxford-Maine,FALSE,0,2010,0
874,Haliburton-Ontario,2010-11,Confirmed,Fairfield-Connecticut,FALSE,0,2010,0
875,Haliburton-Ontario,2010-11,Confirmed,Monroe-Indiana,FALSE,0,2010,0
876,Haliburton-Ontario,2010-11,Confirmed,Crawford-Indiana,FALSE,0,2010,0
877,Haliburton-Ontario,2010-11,Confirmed,Roanoke-Virginia,FALSE,0,2010,0
878,Haliburton-Ontario,2010-11,Confirmed,Wise-Virginia,FALSE,0,2010,0
879,Haliburton-Ontario,2010-11,Confirmed,Montgomery-Tennessee,FALSE,0,2010,0
880,Haliburton-Ontario,2010-11,Confirmed,Yancey-North Carolina,FALSE,0,2010,0
881,Haliburton-Ontario,2010-11,Confirmed,Saint John-New Brunswick,FALSE,0,2010,0
882,Haliburton-Ontario,2010-11,Confirmed,Nipissing District (Part 1 Of)-Ontario,FALSE,0,2010,0
883,Haliburton-Ontario,2010-11,Confirmed,Halton Regional Municipality-Ontario,FALSE,0,2010,2
884,Haliburton-Ontario,2010-11,Confirmed,Albert-New Brunswick,FALSE,0,2010,0
885,Haliburton-Ontario,2010-11,Confirmed,Hants-Nova Scotia,FALSE,0,2010,0
886,Haliburton-Ontario,2010-11,Confirmed,Kings-Nova Scotia,FALSE,0,2010,0
887,Hastings-Ontario,2009-10,Confirmed,Orange-New York,FALSE,0,2009,0
888,Hastings-Ontario,2009-10,Confirmed,Monroe-Pennsylvania,FALSE,0,2009,0
889,Hastings-Ontario,2009-10,Confirmed,Blair-Pennsylvania,FALSE,0,2009,0
890,Hastings-Ontario,2009-10,Confirmed,Huntingdon-Pennsylvania,FALSE,0,2009,0
891,Hastings-Ontario,2009-10,Confirmed,Greenbrier-West Virginia,FALSE,0,2009,0
892,Hastings-Ontario,2009-10,Confirmed,Shannon-Missouri,FALSE,0,2009,0
893,Hastings-Ontario,2009-10,Confirmed,Sullivan-Tennessee,FALSE,0,2009,0
894,Hastings-Ontario,2009-10,Confirmed,Les Collines-De-L'Outaouais-Quebec,FALSE,0,2009,11
895,Les Collines-De-L'Outaouais-Quebec,2009-10,Confirmed,Orange-New York,FALSE,0,2009,1
896,Les Collines-De-L'Outaouais-Quebec,2009-10,Confirmed,Monroe-Pennsylvania,FALSE,0,2009,0
897,Les Collines-De-L'Outaouais-Quebec,2009-10,Confirmed,Blair-Pennsylvania,FALSE,0,2009,1
898,Les Collines-De-L'Outaouais-Quebec,2009-10,Confirmed,Huntingdon-Pennsylvania,FALSE,0,2009,0
899,Les Collines-De-L'Outaouais-Quebec,2009-10,Confirmed,Greenbrier-West Virginia,FALSE,0,2009,1
900,Les Collines-De-L'Outaouais-Quebec,2009-10,Confirmed,Shannon-Missouri,FALSE,0,2009,1
901,Les Collines-De-L'Outaouais-Quebec,2009-10,Confirmed,Sullivan-Tennessee,FALSE,0,2009,1
902,Les Collines-De-L'Outaouais-Quebec,2009-10,Confirmed,Hastings-Ontario,FALSE,0,2009,11
903,Wellington-Ontario,2011-12,Confirmed,Cuyahoga-Ohio,FALSE,0,2011,3
904,Wellington-Ontario,2011-12,Confirmed,Clearfield-Pennsylvania,FALSE,0,2011,5
905,Wellington-Ontario,2011-12,Confirmed,Hancock-Tennessee,FALSE,0,2011,0
906,Wellington-Ontario,2011-12,Confirmed,Hamilton-Tennessee,FALSE,0,2011,0
907,Wellington-Ontario,2011-12,Confirmed,Jackson-Alabama,FALSE,0,2011,0
908,Wellington-Ontario,2011-12,Confirmed,Warren-Pennsylvania,FALSE,0,2011,18
909,Wellington-Ontario,2011-12,Confirmed,Colchester-Nova Scotia,FALSE,0,2011,0
910,Wellington-Ontario,2011-12,Confirmed,Westmorland-New Brunswick,FALSE,0,2011,1
911,Wellington-Ontario,2011-12,Confirmed,Kings-New Brunswick,FALSE,0,2011,2
912,York-New Brunswick,2013-14,Confirmed,Marion-Missouri,FALSE,0,2013,0
913,York-New Brunswick,2013-14,Confirmed,Hocking-Ohio,FALSE,0,2013,0
914,York-New Brunswick,2013-14,Confirmed,Hardin-Kentucky,FALSE,0,2013,0
915,York-New Brunswick,2013-14,Confirmed,Maury-Tennessee,FALSE,0,2013,0
916,York-New Brunswick,2013-14,Confirmed,Bartow-Georgia,FALSE,0,2013,0
917,York-New Brunswick,2013-14,Confirmed,Polk-Georgia,FALSE,0,2013,0
918,York-New Brunswick,2013-14,Confirmed,Keweenaw-Michigan,FALSE,0,2013,0
919,York-New Brunswick,2013-14,Confirmed,Ontonagon-Michigan,FALSE,0,2013,0
920,York-New Brunswick,2013-14,Confirmed,Inverness-Nova Scotia,FALSE,0,2013,1
921,Colchester-Nova Scotia,2011-12,Confirmed,Cuyahoga-Ohio,FALSE,0,2011,0
922,Colchester-Nova Scotia,2011-12,Confirmed,Clearfield-Pennsylvania,FALSE,0,2011,0
923,Colchester-Nova Scotia,2011-12,Confirmed,Hancock-Tennessee,FALSE,0,2011,0
924,Colchester-Nova Scotia,2011-12,Confirmed,Hamilton-Tennessee,FALSE,0,2011,0
925,Colchester-Nova Scotia,2011-12,Confirmed,Jackson-Alabama,FALSE,0,2011,0
926,Colchester-Nova Scotia,2011-12,Confirmed,Warren-Pennsylvania,FALSE,0,2011,0
927,Colchester-Nova Scotia,2011-12,Confirmed,Wellington-Ontario,FALSE,0,2011,0
928,Colchester-Nova Scotia,2011-12,Confirmed,Westmorland-New Brunswick,FALSE,0,2011,7
929,Colchester-Nova Scotia,2011-12,Confirmed,Kings-New Brunswick,FALSE,0,2011,3
930,Westmorland-New Brunswick,2011-12,Confirmed,Cuyahoga-Ohio,FALSE,0,2011,1
931,Westmorland-New Brunswick,2011-12,Confirmed,Clearfield-Pennsylvania,FALSE,0,2011,0
932,Westmorland-New Brunswick,2011-12,Confirmed,Hancock-Tennessee,FALSE,0,2011,0
933,Westmorland-New Brunswick,2011-12,Confirmed,Hamilton-Tennessee,FALSE,0,2011,2
934,Westmorland-New Brunswick,2011-12,Confirmed,Jackson-Alabama,FALSE,0,2011,2
935,Westmorland-New Brunswick,2011-12,Confirmed,Warren-Pennsylvania,FALSE,0,2011,0
936,Westmorland-New Brunswick,2011-12,Confirmed,Wellington-Ontario,FALSE,0,2011,1
937,Westmorland-New Brunswick,2011-12,Confirmed,Colchester-Nova Scotia,FALSE,0,2011,7
938,Westmorland-New Brunswick,2011-12,Confirmed,Kings-New Brunswick,FALSE,0,2011,28
939,Kings-New Brunswick,2011-12,Confirmed,Cuyahoga-Ohio,FALSE,0,2011,3
940,Kings-New Brunswick,2011-12,Confirmed,Clearfield-Pennsylvania,FALSE,0,2011,0
941,Kings-New Brunswick,2011-12,Confirmed,Hancock-Tennessee,FALSE,0,2011,0
942,Kings-New Brunswick,2011-12,Confirmed,Hamilton-Tennessee,FALSE,0,2011,1
943,Kings-New Brunswick,2011-12,Confirmed,Jackson-Alabama,FALSE,0,2011,1
944,Kings-New Brunswick,2011-12,Confirmed,Warren-Pennsylvania,FALSE,0,2011,0
945,Kings-New Brunswick,2011-12,Confirmed,Wellington-Ontario,FALSE,0,2011,2
946,Kings-New Brunswick,2011-12,Confirmed,Colchester-Nova Scotia,FALSE,0,2011,3
947,Kings-New Brunswick,2011-12,Confirmed,Westmorland-New Brunswick,FALSE,0,2011,28
948,Albert-New Brunswick,2010-11,Confirmed,Oxford-Maine,FALSE,0,2010,0
949,Albert-New Brunswick,2010-11,Confirmed,Fairfield-Connecticut,FALSE,0,2010,0
950,Albert-New Brunswick,2010-11,Confirmed,Monroe-Indiana,FALSE,0,2010,0
951,Albert-New Brunswick,2010-11,Confirmed,Crawford-Indiana,FALSE,0,2010,0
952,Albert-New Brunswick,2010-11,Confirmed,Roanoke-Virginia,FALSE,0,2010,0
953,Albert-New Brunswick,2010-11,Confirmed,Wise-Virginia,FALSE,0,2010,0
954,Albert-New Brunswick,2010-11,Confirmed,Montgomery-Tennessee,FALSE,0,2010,0
955,Albert-New Brunswick,2010-11,Confirmed,Yancey-North Carolina,FALSE,0,2010,0
956,Albert-New Brunswick,2010-11,Confirmed,Saint John-New Brunswick,FALSE,0,2010,4
957,Albert-New Brunswick,2010-11,Confirmed,Nipissing District (Part 1 Of)-Ontario,FALSE,0,2010,0
958,Albert-New Brunswick,2010-11,Confirmed,Halton Regional Municipality-Ontario,FALSE,0,2010,0
959,Albert-New Brunswick,2010-11,Confirmed,Haliburton-Ontario,FALSE,0,2010,0
960,Albert-New Brunswick,2010-11,Confirmed,Hants-Nova Scotia,FALSE,0,2010,0
961,Albert-New Brunswick,2010-11,Confirmed,Kings-Nova Scotia,FALSE,0,2010,0
962,Hants-Nova Scotia,2010-11,Confirmed,Oxford-Maine,FALSE,0,2010,0
963,Hants-Nova Scotia,2010-11,Confirmed,Fairfield-Connecticut,FALSE,0,2010,0
964,Hants-Nova Scotia,2010-11,Confirmed,Monroe-Indiana,FALSE,0,2010,0
965,Hants-Nova Scotia,2010-11,Confirmed,Crawford-Indiana,FALSE,0,2010,1
966,Hants-Nova Scotia,2010-11,Confirmed,Roanoke-Virginia,FALSE,0,2010,0
967,Hants-Nova Scotia,2010-11,Confirmed,Wise-Virginia,FALSE,0,2010,0
968,Hants-Nova Scotia,2010-11,Confirmed,Montgomery-Tennessee,FALSE,0,2010,1
969,Hants-Nova Scotia,2010-11,Confirmed,Yancey-North Carolina,FALSE,0,2010,1
970,Hants-Nova Scotia,2010-11,Confirmed,Saint John-New Brunswick,FALSE,0,2010,3
971,Hants-Nova Scotia,2010-11,Confirmed,Nipissing District (Part 1 Of)-Ontario,FALSE,0,2010,0
972,Hants-Nova Scotia,2010-11,Confirmed,Halton Regional Municipality-Ontario,FALSE,0,2010,0
973,Hants-Nova Scotia,2010-11,Confirmed,Haliburton-Ontario,FALSE,0,2010,0
974,Hants-Nova Scotia,2010-11,Confirmed,Albert-New Brunswick,FALSE,0,2010,0
975,Hants-Nova Scotia,2010-11,Confirmed,Kings-Nova Scotia,TRUE,0,2010,4
976,Kings-Nova Scotia,2010-11,Confirmed,Oxford-Maine,FALSE,0,2010,0
977,Kings-Nova Scotia,2010-11,Confirmed,Fairfield-Connecticut,FALSE,0,2010,0
978,Kings-Nova Scotia,2010-11,Confirmed,Monroe-Indiana,FALSE,0,2010,0
979,Kings-Nova Scotia,2010-11,Confirmed,Crawford-Indiana,FALSE,0,2010,0
980,Kings-Nova Scotia,2010-11,Confirmed,Roanoke-Virginia,FALSE,0,2010,1
981,Kings-Nova Scotia,2010-11,Confirmed,Wise-Virginia,FALSE,0,2010,0
982,Kings-Nova Scotia,2010-11,Confirmed,Montgomery-Tennessee,FALSE,0,2010,0
983,Kings-Nova Scotia,2010-11,Confirmed,Yancey-North Carolina,FALSE,0,2010,0
984,Kings-Nova Scotia,2010-11,Confirmed,Saint John-New Brunswick,FALSE,0,2010,3
985,Kings-Nova Scotia,2010-11,Confirmed,Nipissing District (Part 1 Of)-Ontario,FALSE,0,2010,1
986,Kings-Nova Scotia,2010-11,Confirmed,Halton Regional Municipality-Ontario,FALSE,0,2010,0
987,Kings-Nova Scotia,2010-11,Confirmed,Haliburton-Ontario,FALSE,0,2010,0
988,Kings-Nova Scotia,2010-11,Confirmed,Albert-New Brunswick,FALSE,0,2010,0
989,Kings-Nova Scotia,2010-11,Confirmed,Hants-Nova Scotia,TRUE,0,2010,4
990,Inverness-Nova Scotia,2013-14,Confirmed,Marion-Missouri,FALSE,0,2013,0
991,Inverness-Nova Scotia,2013-14,Confirmed,Hocking-Ohio,FALSE,0,2013,0
992,Inverness-Nova Scotia,2013-14,Confirmed,Hardin-Kentucky,FALSE,0,2013,0
993,Inverness-Nova Scotia,2013-14,Confirmed,Maury-Tennessee,FALSE,0,2013,0
994,Inverness-Nova Scotia,2013-14,Confirmed,Bartow-Georgia,FALSE,0,2013,0
995,Inverness-Nova Scotia,2013-14,Confirmed,Polk-Georgia,FALSE,0,2013,0
996,Inverness-Nova Scotia,2013-14,Confirmed,Keweenaw-Michigan,FALSE,0,2013,0
997,Inverness-Nova Scotia,2013-14,Confirmed,Ontonagon-Michigan,FALSE,0,2013,0
998,Inverness-Nova Scotia,2013-14,Confirmed,York-New Brunswick,FALSE,0,2013,1
999,Iron-Wisconsin,2015-16,Suspect,St. Louis-Minnesota,FALSE,1,2015,41
1000,Iron-Wisconsin,2015-16,Suspect,Douglas-Wisconsin,FALSE,1,2015,12
1001,Iron-Wisconsin,2015-16,Suspect,Washington-Minnesota,FALSE,1,2015,27
1002,Iron-Wisconsin,2015-16,Suspect,Iowa-Wisconsin,FALSE,1,2015,22
1003,Iron-Wisconsin,2015-16,Suspect,Jackson-Iowa,FALSE,1,2015,7
1004,Iron-Wisconsin,2015-16,Suspect,Taney-Missouri,FALSE,1,2015,7
1005,Iron-Wisconsin,2015-16,Suspect,Benton-Arkansas,FALSE,1,2015,4
1006,Iron-Wisconsin,2015-16,Suspect,Calhoun-Alabama,FALSE,1,2015,0
1007,Iron-Wisconsin,2015-16,Suspect,Green-Wisconsin,FALSE,1,2015,11
1008,Middlesex-Massachusetts,2008-09,Suspect,Hamilton-New York,FALSE,1,2008,0
1009,Middlesex-Massachusetts,2008-09,Suspect,Hartford-Connecticut,FALSE,1,2008,2
1010,Middlesex-Massachusetts,2008-09,Suspect,Putnam-New York,FALSE,1,2008,0
1011,Middlesex-Massachusetts,2008-09,Suspect,Luzerne-Pennsylvania,FALSE,1,2008,0
1012,Middlesex-Massachusetts,2008-09,Suspect,Centre-Pennsylvania,FALSE,1,2008,0
1013,Middlesex-Massachusetts,2008-09,Suspect,Warren-New Jersey,FALSE,1,2008,0
1014,Middlesex-Massachusetts,2008-09,Suspect,Morris-New Jersey,FALSE,1,2008,1
1015,Middlesex-Massachusetts,2008-09,Suspect,Giles-Virginia,FALSE,1,2008,0
1016,Middlesex-Massachusetts,2008-09,Suspect,Smyth-Virginia,FALSE,1,2008,0
1017,Marion-Missouri,2013-14,Suspect,Hocking-Ohio,FALSE,1,2013,4
1018,Marion-Missouri,2013-14,Suspect,Hardin-Kentucky,FALSE,1,2013,3
1019,Marion-Missouri,2013-14,Suspect,Maury-Tennessee,FALSE,1,2013,5
1020,Marion-Missouri,2013-14,Suspect,Bartow-Georgia,FALSE,1,2013,1
1021,Marion-Missouri,2013-14,Suspect,Polk-Georgia,FALSE,1,2013,0
1022,Marion-Missouri,2013-14,Suspect,Keweenaw-Michigan,FALSE,1,2013,16
1023,Marion-Missouri,2013-14,Suspect,Ontonagon-Michigan,FALSE,1,2013,12
1024,Marion-Missouri,2013-14,Suspect,York-New Brunswick,FALSE,1,2013,0
1025,Marion-Missouri,2013-14,Suspect,Inverness-Nova Scotia,FALSE,1,2013,0
1026,St. Louis-Missouri,2014-15,Suspect,Des Moines-Iowa,FALSE,1,2014,17
1027,St. Louis-Missouri,2014-15,Suspect,Phelps-Missouri,FALSE,1,2014,37
1028,St. Louis-Missouri,2014-15,Suspect,Wright-Missouri,FALSE,1,2014,4
1029,St. Louis-Missouri,2014-15,Suspect,Independence-Arkansas,FALSE,1,2014,0
1030,St. Louis-Missouri,2014-15,Suspect,Garland-Arkansas,FALSE,1,2014,0
1031,St. Louis-Missouri,2014-15,Suspect,Floyd-Georgia,FALSE,1,2014,1
1032,St. Louis-Missouri,2014-15,Suspect,Houghton-Michigan,FALSE,1,2014,0
1033,St. Louis-Missouri,2014-15,Suspect,La Côte-De-Gaspé-Quebec,FALSE,1,2014,1
1034,Phelps-Missouri,2014-15,Suspect,Des Moines-Iowa,FALSE,1,2014,7
1035,Phelps-Missouri,2014-15,Suspect,St. Louis-Missouri,FALSE,1,2014,37
1036,Phelps-Missouri,2014-15,Suspect,Wright-Missouri,FALSE,1,2014,7
1037,Phelps-Missouri,2014-15,Suspect,Independence-Arkansas,FALSE,1,2014,0
1038,Phelps-Missouri,2014-15,Suspect,Garland-Arkansas,FALSE,1,2014,0
1039,Phelps-Missouri,2014-15,Suspect,Floyd-Georgia,FALSE,1,2014,0
1040,Phelps-Missouri,2014-15,Suspect,Houghton-Michigan,FALSE,1,2014,1
1041,Phelps-Missouri,2014-15,Suspect,La Côte-De-Gaspé-Quebec,FALSE,1,2014,0
1042,Hardin-Kentucky,2013-14,Suspect,Marion-Missouri,FALSE,1,2013,3
1043,Hardin-Kentucky,2013-14,Suspect,Hocking-Ohio,FALSE,1,2013,4
1044,Hardin-Kentucky,2013-14,Suspect,Maury-Tennessee,FALSE,1,2013,1
1045,Hardin-Kentucky,2013-14,Suspect,Bartow-Georgia,FALSE,1,2013,2
1046,Hardin-Kentucky,2013-14,Suspect,Polk-Georgia,FALSE,1,2013,0
1047,Hardin-Kentucky,2013-14,Suspect,Keweenaw-Michigan,FALSE,1,2013,1
1048,Hardin-Kentucky,2013-14,Suspect,Ontonagon-Michigan,FALSE,1,2013,0
1049,Hardin-Kentucky,2013-14,Suspect,York-New Brunswick,FALSE,1,2013,0
1050,Hardin-Kentucky,2013-14,Suspect,Inverness-Nova Scotia,FALSE,1,2013,0
1051,Wright-Missouri,2014-15,Suspect,Des Moines-Iowa,FALSE,1,2014,0
1052,Wright-Missouri,2014-15,Suspect,St. Louis-Missouri,FALSE,1,2014,4
1053,Wright-Missouri,2014-15,Suspect,Phelps-Missouri,FALSE,1,2014,7
1054,Wright-Missouri,2014-15,Suspect,Independence-Arkansas,FALSE,1,2014,0
1055,Wright-Missouri,2014-15,Suspect,Garland-Arkansas,FALSE,1,2014,0
1056,Wright-Missouri,2014-15,Suspect,Floyd-Georgia,FALSE,1,2014,0
1057,Wright-Missouri,2014-15,Suspect,Houghton-Michigan,FALSE,1,2014,0
1058,Wright-Missouri,2014-15,Suspect,La Côte-De-Gaspé-Quebec,FALSE,1,2014,0
1059,Shannon-Missouri,2009-10,Suspect,Orange-New York,FALSE,1,2009,0
1060,Shannon-Missouri,2009-10,Suspect,Monroe-Pennsylvania,FALSE,1,2009,0
1061,Shannon-Missouri,2009-10,Suspect,Blair-Pennsylvania,FALSE,1,2009,0
1062,Shannon-Missouri,2009-10,Suspect,Huntingdon-Pennsylvania,FALSE,1,2009,0
1063,Shannon-Missouri,2009-10,Suspect,Greenbrier-West Virginia,FALSE,1,2009,1
1064,Shannon-Missouri,2009-10,Suspect,Sullivan-Tennessee,FALSE,1,2009,3
1065,Shannon-Missouri,2009-10,Suspect,Hastings-Ontario,FALSE,1,2009,0
1066,Shannon-Missouri,2009-10,Suspect,Les Collines-De-L'Outaouais-Quebec,FALSE,1,2009,1
1067,Roanoke-Virginia,2010-11,Suspect,Oxford-Maine,FALSE,1,2010,0
1068,Roanoke-Virginia,2010-11,Suspect,Fairfield-Connecticut,FALSE,1,2010,0
1069,Roanoke-Virginia,2010-11,Suspect,Monroe-Indiana,FALSE,1,2010,0
1070,Roanoke-Virginia,2010-11,Suspect,Crawford-Indiana,FALSE,1,2010,1
1071,Roanoke-Virginia,2010-11,Suspect,Wise-Virginia,FALSE,1,2010,3
1072,Roanoke-Virginia,2010-11,Suspect,Montgomery-Tennessee,FALSE,1,2010,2
1073,Roanoke-Virginia,2010-11,Suspect,Yancey-North Carolina,FALSE,1,2010,5
1074,Roanoke-Virginia,2010-11,Suspect,Saint John-New Brunswick,FALSE,1,2010,1
1075,Roanoke-Virginia,2010-11,Suspect,Nipissing District (Part 1 Of)-Ontario,FALSE,1,2010,1
1076,Roanoke-Virginia,2010-11,Suspect,Halton Regional Municipality-Ontario,FALSE,1,2010,0
1077,Roanoke-Virginia,2010-11,Suspect,Haliburton-Ontario,FALSE,1,2010,0
1078,Roanoke-Virginia,2010-11,Suspect,Albert-New Brunswick,FALSE,1,2010,0
1079,Roanoke-Virginia,2010-11,Suspect,Hants-Nova Scotia,FALSE,1,2010,0
1080,Roanoke-Virginia,2010-11,Suspect,Kings-Nova Scotia,FALSE,1,2010,1
1081,Taney-Missouri,2015-16,Suspect,St. Louis-Minnesota,FALSE,1,2015,8
1082,Taney-Missouri,2015-16,Suspect,Douglas-Wisconsin,FALSE,1,2015,2
1083,Taney-Missouri,2015-16,Suspect,Iron-Wisconsin,FALSE,1,2015,7
1084,Taney-Missouri,2015-16,Suspect,Washington-Minnesota,FALSE,1,2015,3
1085,Taney-Missouri,2015-16,Suspect,Iowa-Wisconsin,FALSE,1,2015,0
1086,Taney-Missouri,2015-16,Suspect,Jackson-Iowa,FALSE,1,2015,0
1087,Taney-Missouri,2015-16,Suspect,Benton-Arkansas,FALSE,1,2015,29
1088,Taney-Missouri,2015-16,Suspect,Calhoun-Alabama,FALSE,1,2015,0
1089,Taney-Missouri,2015-16,Suspect,Green-Wisconsin,FALSE,1,2015,1
1090,Garland-Arkansas,2014-15,Suspect,Des Moines-Iowa,FALSE,1,2014,0
1091,Garland-Arkansas,2014-15,Suspect,St. Louis-Missouri,FALSE,1,2014,0
1092,Garland-Arkansas,2014-15,Suspect,Phelps-Missouri,FALSE,1,2014,0
1093,Garland-Arkansas,2014-15,Suspect,Wright-Missouri,FALSE,1,2014,0
1094,Garland-Arkansas,2014-15,Suspect,Independence-Arkansas,FALSE,1,2014,0
1095,Garland-Arkansas,2014-15,Suspect,Floyd-Georgia,FALSE,1,2014,0
1096,Garland-Arkansas,2014-15,Suspect,Houghton-Michigan,FALSE,1,2014,0
1097,Garland-Arkansas,2014-15,Suspect,La Côte-De-Gaspé-Quebec,FALSE,1,2014,0
1098,Floyd-Georgia,2014-15,Suspect,Des Moines-Iowa,FALSE,1,2014,0
1099,Floyd-Georgia,2014-15,Suspect,St. Louis-Missouri,FALSE,1,2014,1
1100,Floyd-Georgia,2014-15,Suspect,Phelps-Missouri,FALSE,1,2014,0
1101,Floyd-Georgia,2014-15,Suspect,Wright-Missouri,FALSE,1,2014,0
1102,Floyd-Georgia,2014-15,Suspect,Independence-Arkansas,FALSE,1,2014,0
1103,Floyd-Georgia,2014-15,Suspect,Garland-Arkansas,FALSE,1,2014,0
1104,Floyd-Georgia,2014-15,Suspect,Houghton-Michigan,FALSE,1,2014,0
1105,Floyd-Georgia,2014-15,Suspect,La Côte-De-Gaspé-Quebec,FALSE,1,2014,0
1106,Bartow-Georgia,2013-14,Suspect,Marion-Missouri,FALSE,1,2013,1
1107,Bartow-Georgia,2013-14,Suspect,Hocking-Ohio,FALSE,1,2013,0
1108,Bartow-Georgia,2013-14,Suspect,Hardin-Kentucky,FALSE,1,2013,2
1109,Bartow-Georgia,2013-14,Suspect,Maury-Tennessee,FALSE,1,2013,0
1110,Bartow-Georgia,2013-14,Suspect,Polk-Georgia,TRUE,1,2013,0
1111,Bartow-Georgia,2013-14,Suspect,Keweenaw-Michigan,FALSE,1,2013,2
1112,Bartow-Georgia,2013-14,Suspect,Ontonagon-Michigan,FALSE,1,2013,1
1113,Bartow-Georgia,2013-14,Suspect,York-New Brunswick,FALSE,1,2013,0
1114,Bartow-Georgia,2013-14,Suspect,Inverness-Nova Scotia,FALSE,1,2013,0
1115,Polk-Georgia,2013-14,Suspect,Marion-Missouri,FALSE,1,2013,0
1116,Polk-Georgia,2013-14,Suspect,Hocking-Ohio,FALSE,1,2013,0
1117,Polk-Georgia,2013-14,Suspect,Hardin-Kentucky,FALSE,1,2013,0
1118,Polk-Georgia,2013-14,Suspect,Maury-Tennessee,FALSE,1,2013,1
1119,Polk-Georgia,2013-14,Suspect,Bartow-Georgia,TRUE,1,2013,0
1120,Polk-Georgia,2013-14,Suspect,Keweenaw-Michigan,FALSE,1,2013,0
1121,Polk-Georgia,2013-14,Suspect,Ontonagon-Michigan,FALSE,1,2013,0
1122,Polk-Georgia,2013-14,Suspect,York-New Brunswick,FALSE,1,2013,0
1123,Polk-Georgia,2013-14,Suspect,Inverness-Nova Scotia,FALSE,1,2013,0
1124,Calhoun-Alabama,2015-16,Suspect,St. Louis-Minnesota,FALSE,1,2015,0
1125,Calhoun-Alabama,2015-16,Suspect,Douglas-Wisconsin,FALSE,1,2015,0
1126,Calhoun-Alabama,2015-16,Suspect,Iron-Wisconsin,FALSE,1,2015,0
1127,Calhoun-Alabama,2015-16,Suspect,Washington-Minnesota,FALSE,1,2015,0
1128,Calhoun-Alabama,2015-16,Suspect,Iowa-Wisconsin,FALSE,1,2015,0
1129,Calhoun-Alabama,2015-16,Suspect,Jackson-Iowa,FALSE,1,2015,0
1130,Calhoun-Alabama,2015-16,Suspect,Taney-Missouri,FALSE,1,2015,0
1131,Calhoun-Alabama,2015-16,Suspect,Benton-Arkansas,FALSE,1,2015,0
1132,Calhoun-Alabama,2015-16,Suspect,Green-Wisconsin,FALSE,1,2015,0
1133,Lancaster-Nebraska,2016-17,Suspect,Fillmore-Minnesota,FALSE,1,2016,1
1134,Lancaster-Nebraska,2016-17,Suspect,Shelby-Alabama,FALSE,1,2016,0
1135,Lancaster-Nebraska,2016-17,Suspect,Itasca-Minnesota,FALSE,1,2016,0
1136,Lancaster-Nebraska,2016-17,Suspect,Blount-Alabama,FALSE,1,2016,0
1137,Newton-Missouri,2017-18,Suspect,Custer-South Dakota,FALSE,1,2017,1
1138,Rowan-North Carolina,2018-19,Suspect,Bexar-Texas,FALSE,1,2018,4
1139,Blount-Alabama,2016-17,Suspect,Fillmore-Minnesota,FALSE,1,2016,0
1140,Blount-Alabama,2016-17,Suspect,Shelby-Alabama,FALSE,1,2016,14
1141,Blount-Alabama,2016-17,Suspect,Itasca-Minnesota,FALSE,1,2016,0
1142,Blount-Alabama,2016-17,Suspect,Lancaster-Nebraska,FALSE,1,2016,0
1143,Bexar-Texas,2018-19,Suspect,Rowan-North Carolina,FALSE,1,2018,4
1144,Iron-Wisconsin,NA,NA,King-Washington,NA,NA,2015,0
1145,Jackson-Iowa,NA,NA,King-Washington,NA,NA,2015,0
1146,Washington-Minnesota,NA,NA,King-Washington,NA,NA,2015,0
1147,Calhoun-Alabama,NA,NA,King-Washington,NA,NA,2015,0
1148,Taney-Missouri,NA,NA,King-Washington,NA,NA,2015,0
1149,Benton-Arkansas,NA,NA,King-Washington,NA,NA,2015,0
1150,Iowa-Wisconsin,NA,NA,King-Washington,NA,NA,2015,0
1151,King-Washington,NA,NA,Green-Wisconsin,NA,NA,2015,0
1152,King-Washington,NA,NA,St. Louis-Minnesota,NA,NA,2015,0
1153,King-Washington,NA,NA,Douglas-Wisconsin,NA,NA,2015,0
1154,King-Washington,NA,NA,Iowa-Wisconsin,NA,NA,2015,0
1155,King-Washington,NA,NA,Benton-Arkansas,NA,NA,2015,0
1156,King-Washington,NA,NA,Taney-Missouri,NA,NA,2015,0
1157,King-Washington,NA,NA,Calhoun-Alabama,NA,NA,2015,0
1158,King-Washington,NA,NA,Washington-Minnesota,NA,NA,2015,0
1159,King-Washington,NA,NA,Jackson-Iowa,NA,NA,2015,0
1160,King-Washington,NA,NA,Iron-Wisconsin,NA,NA,2015,0
1161,Douglas-Wisconsin,NA,NA,King-Washington,NA,NA,2015,0
1162,St. Louis-Minnesota,NA,NA,King-Washington,NA,NA,2015,0
1163,Green-Wisconsin,NA,NA,King-Washington,NA,NA,2015,0
1164,Plumas-California,NA,NA,Pierce-Washington,NA,NA,2018,0
1165,Plumas-California,NA,NA,Rowan-North Carolina,NA,NA,2018,0
1166,Plumas-California,NA,NA,Bexar-Texas,NA,NA,2018,0
1167,Bexar-Texas,NA,NA,Pierce-Washington,NA,NA,2018,0
1168,Bexar-Texas,NA,NA,Plumas-California,NA,NA,2018,0
1169,Rowan-North Carolina,NA,NA,Pierce-Washington,NA,NA,2018,0
1170,Rowan-North Carolina,NA,NA,Plumas-California,NA,NA,2018,0
1171,Pierce-Washington,NA,NA,Rowan-North Carolina,NA,NA,2018,0
1172,Pierce-Washington,NA,NA,Bexar-Texas,NA,NA,2018,0
1173,Pierce-Washington,NA,NA,Plumas-California,NA,NA,2018,0
